player_id,team_id,general_position,minutes_played,shots,shots_on_target,goals,xgoals,xplace,goals_minus_xgoals,key_passes,primary_assists,xassists,primary_assists_minus_xassists,goals_plus_primary_assists,xgoals_plus_xassists,points_added,xpoints_added
0Oq6243Pq6,aDQ0lzvQEv,ST,1278,26,8,3,2.3573,-0.2938,0.6427,15,3,1.1161,1.8839,6,3.4734,1.7547,1.1915
0Oq62D2xq6,4wM4rZdqjB,CM,65,4,0,0,0.8177,-0.8177,-0.8177,2,0,0.1859,-0.1859,0,1.0036,0.0,0.7659
0Oq62ob2q6,4JMAk47qKg,GK,105,0,0,0,0.0,0.0,0.0,0,0,0.0,0.0,0,0.0,0.0,0.0
0Oq632XPQ6,aDQ0lzvQEv,FB,253,4,0,0,0.2499,-0.2499,-0.2499,2,0,0.051,-0.051,0,0.3009,0.0,0.2827
0Oq63dogQ6,"['eV5D2w9QKn', 'eV5DR6YQKn', 'raMyrr25d2']",W,9349,185,56,16,16.3312,-0.5865,-0.3312,101,6,12.1112,-6.1112,22,28.4424,5.5011,9.1633
0Oq63dpzQ6,KPqjw8PQ6v,W,42,3,1,0,0.1748,0.0774,-0.1748,0,0,0.0,0.0,0,0.1748,0.0,0.1327
0Oq63NGdQ6,"['4wM4rZdqjB', 'eV5D2w9QKn']",FB,8971,55,14,3,6.0017,-2.6124,-3.0017,36,5,4.8119,0.1881,8,10.8136,0.6027,3.6287
0Oq6L6BzM6,aDQ0lzvQEv,FB,959,8,1,1,1.5889,-1.1416,-0.5889,5,0,0.2537,-0.2537,1,1.8426,0.1712,0.8066
0Oq6Lbp7M6,"['315VnJ759x', '4wM4rZdqjB']",DM,4103,37,8,3,1.4948,-0.1577,1.5052,48,7,4.719,2.281,10,6.2138,1.2755,0.5444
0Oq6LbXzM6,7VqG1lYMvW,FB,313,0,0,0,0.0,0.0,0.0,0,0,0.0,0.0,0,0.0,0.0,0.0
0Oq6LeZxM6,"['315VnJ759x', '4JMAk47qKg']",CM,2711,46,14,5,3.6941,-1.2472,1.3059,25,2,2.5433,-0.5433,7,6.2374,1.4949,2.0702
0Oq6lgE2M6,"['zeQZeazqKw', 'XVqKeVKM01', '7vQ7BBzqD1']",DM,2633,19,8,2,0.6751,0.5693,1.3249,13,1,1.0102,-0.0102,3,1.6852,1.0616,0.4035
0Oq6LKAxM6,"['kRQa8JOqKZ', '315VnJ759x']",W,2392,36,11,3,4.6903,-1.4807,-1.6903,16,5,2.4819,2.5181,8,7.1722,2.1547,3.0496
0Oq6lL2rM6,"['raMyrr25d2', '7vQ7BBzqD1']",W,9315,90,42,13,9.8651,0.3164,3.1349,162,21,14.8168,6.1832,34,24.682,6.7838,6.5133
0Oq6lLLrM6,eV5D2w9QKn,W,397,2,0,0,0.0657,-0.0657,-0.0657,3,0,0.1368,-0.1368,0,0.2025,0.0,0.0461
0Oq6lLw2M6,XVqKeVKM01,W,172,3,1,0,0.1965,-0.1272,-0.1965,0,0,0.0,0.0,0,0.1965,0.0,0.2855
0Oq6LpwXM6,"['aDQ0lzvQEv', 'raMyrr25d2', 'eV5DR6YQKn']",DM,1894,15,4,1,0.852,0.432,0.148,18,1,1.7123,-0.7123,2,2.5643,0.591,0.6446
0Oq6lRkrM6,eV5D2w9QKn,CM,2426,19,7,1,1.3529,-0.2474,-0.3529,48,7,4.7963,2.2037,8,6.1493,0.9624,1.1457
0Oq6LyL7M6,4wM4rZdqjB,CB,1938,4,0,0,0.1087,-0.1087,-0.1087,9,1,1.0407,-0.0407,1,1.1494,0.0,0.0768
0Oq6w2WgQ6,"['4JMAk47qKg', 'KPqjw8PQ6v']",CB,16063,52,16,5,5.2963,0.5266,-0.2963,15,0,1.1799,-1.1799,5,6.4762,1.4541,2.8933
0Oq6w6D6Q6,"['zeQZeazqKw', 'XVqKeVKM01', '7vQ7BBzqD1']",W,3750,105,46,8,11.9162,-2.6752,-3.9162,29,5,4.1026,0.8974,13,16.0188,3.3165,6.4642
0Oq6w6JgQ6,7VqG1lYMvW,CB,6852,3,0,0,0.0543,-0.0543,-0.0543,20,0,2.0167,-2.0167,0,2.0711,0.0,0.0458
0Oq6wa1gQ6,7vQ7BBzqD1,CM,1217,21,9,1,1.1114,0.9584,-0.1114,9,1,1.0235,-0.0235,2,2.1348,0.0,0.4953
0Oq6waLAQ6,4wM4Ezg5jB,GK,873,0,0,0,0.0,0.0,0.0,0,0,0.0,0.0,0,0.0,0.0,0.0
0Oq6waLXQ6,4wM4Ezg5jB,W,1531,8,4,1,0.9817,0.3167,0.0183,19,2,2.3927,-0.3927,3,3.3744,0.6865,0.703
0Oq6waZ2Q6,"['raMyrr25d2', 'zeQZeazqKw']",FB,404,2,1,1,0.1815,0.5478,0.8185,0,0,0.0,0.0,1,0.1815,0.1253,0.0325
0Oq6wbb2Q6,"['7vQ7BBzqD1', '7VqG1lYMvW']",FB,13067,80,21,6,6.7327,-0.6893,-0.7327,46,1,3.5855,-2.5855,7,10.3182,4.0925,4.9371
0Oq6wGnrQ6,"['aDQ0lzvQEv', 'kRQa8JOqKZ', '4JMAk47qKg', '7vQ7BBzqD1']",CB,10891,58,13,4,3.8519,-0.7174,0.1481,24,1,1.3582,-0.3582,5,5.2102,3.5356,3.3292
0Oq6wlg7Q6,"['315VnJ759x', '4JMAk47qKg', 'aDQ0lzvQEv', 'raMyrr25d2']",FB,16904,74,14,1,2.5301,-1.2209,-1.5301,189,8,14.0424,-6.0424,9,16.5725,0.5796,1.7262
0Oq6wlgrQ6,"['zeQZeazqKw', 'raMyrr25d2', 'xW5pwDBMg1', '7vQ7BBzqD1', 'aDQ0lzvQEv']",FB,8538,99,30,7,7.3705,0.0985,-0.3705,76,7,8.5234,-1.5234,14,15.8939,1.1401,4.263
0Oq6wVydQ6,raMyrr25d2,FB,1241,2,0,0,0.0456,-0.0456,-0.0456,8,0,0.3561,-0.3561,0,0.4018,0.0,0.0425
0Oq6wZexQ6,"['4JMAk47qKg', 'raMyrr25d2', 'eV5DR6YQKn', 'Pk5LeeNqOW']",W,6987,158,56,9,12.6702,-0.5706,-3.6702,101,8,10.0139,-2.0139,17,22.6841,3.3295,6.7643
0x5g23JrM7,KPqjw8PQ6v,ST,801,14,7,1,2.3753,-1.1768,-1.3753,6,0,0.6863,-0.6863,1,3.0616,0.3082,1.2248
0x5g23X7M7,Pk5LeeNqOW,FB,72,1,1,0,0.0636,0.0277,-0.0636,1,0,0.0658,-0.0658,0,0.1294,0.0,0.061
0x5g26b7M7,raMyrr25d2,FB,1085,2,0,0,0.0583,-0.0583,-0.0583,7,0,0.6948,-0.6948,0,0.7531,0.0,0.0478
0x5g2EBPM7,KPqjw8PQ6v,W,19,0,0,0,0.0,0.0,0.0,0,0,0.0,0.0,0,0.0,0.0,0.0
0x5g2EoZM7,"['kRQa8JOqKZ', '7VqG1lYMvW', 'KPqjw8PQ6v', '7vQ7BBzqD1', 'raMyrr25d2']",ST,7292,171,66,15,21.5116,0.2679,-6.5116,102,12,9.5956,2.4044,27,31.1071,7.3534,14.55
0x5g2EvwM7,"['raMyrr25d2', '7vQ7BBzqD1']",CB,6812,11,5,2,1.4164,0.6108,0.5836,4,0,0.1374,-0.1374,2,1.5538,0.6265,0.7939
0x5g2k0bM7,"['4JMAk47qKg', 'aDQ0lzvQEv', '7vQ7BBzqD1']",CB,12337,102,21,7,6.0598,0.9918,0.9402,53,3,3.806,-0.806,10,9.8658,3.4924,3.3198
0x5g2mW7M7,"['KPqjw8PQ6v', 'aDQ0lzvQEv']",FB,14504,112,31,9,8.1691,-1.2757,0.8309,101,14,11.0747,2.9253,23,19.2437,4.001,5.8482
0x5g2NEPM7,"['aDQ0lzvQEv', 'raMyrr25d2']",W,1523,31,9,2,2.1404,0.3635,-0.1404,19,0,1.6516,-1.6516,2,3.792,0.7652,1.5148
0x5g2nzPM7,"['zeQZeazqKw', '4JMAk47qKg', '4wM4Ezg5jB']",FB,11465,19,5,0,0.8351,0.078,-0.8351,63,2,4.0903,-2.0903,2,4.9255,0.0,0.55
0x5g2pRwM7,4JMAk47qKg,CM,1212,6,2,0,0.263,-0.2273,-0.263,6,1,0.9943,0.0057,1,1.2573,0.0,0.0952
0x5gJ06XM7,zeQZeazqKw,FB,444,1,0,0,0.1113,-0.1113,-0.1113,3,0,0.1615,-0.1615,0,0.2729,0.0,0.1734
0x5gJ0LXM7,KPqjw8PQ6v,GK,239,0,0,0,0.0,0.0,0.0,0,0,0.0,0.0,0,0.0,0.0,0.0
0x5gL8rbq7,Pk5LeeNqOW,CB,119,1,0,0,0.0202,-0.0202,-0.0202,0,0,0.0,0.0,0,0.0202,0.0,0.0384
0x5gLNAPq7,315VnJ759x,W,2244,84,29,5,7.3636,-0.8706,-2.3636,30,4,7.1427,-3.1427,9,14.5063,4.2467,4.5633
0x5gLOxwq7,"['XVqKeVKM01', '7vQ7BBzqD1']",CB,6391,9,0,0,0.3992,-0.3992,-0.3992,21,3,1.8185,1.1815,3,2.2178,0.0,0.2649
0x5gLXKXq7,kRQa8JOqKZ,CB,1253,13,4,1,1.233,0.6603,-0.233,3,1,0.1777,0.8223,2,1.4107,0.541,0.8906
0x5gP7Lwq7,"['Pk5LeeNqOW', 'eV5DR6YQKn']",W,5042,142,54,25,23.0294,-1.702,1.9706,54,8,5.3404,2.6596,33,28.3698,13.2317,11.9128
0x5gPJvRq7,aDQ0lzvQEv,ST,3211,78,28,10,11.5974,-1.3222,-1.5974,37,4,2.9912,1.0088,14,14.5887,4.3509,7.0821
0x5gPW2Rq7,"['XVqKeVKM01', '7VqG1lYMvW']",DM,7840,96,19,2,6.8936,-2.5516,-4.8936,65,4,5.7059,-1.7059,6,12.5994,0.1238,4.703
0x5gPXRRq7,"['eV5D2w9QKn', 'KPqjw8PQ6v', '7VqG1lYMvW', 'zeQZeazqKw', 'xW5pwDBMg1']",W,8301,144,57,17,15.0484,0.2618,1.9516,93,12,10.4076,1.5924,29,25.456,7.2369,8.9284
0x5gW0mw57,Pk5LeeNqOW,GK,3036,0,0,0,0.0,0.0,0.0,0,0,0.0,0.0,0,0.0,0.0,0.0
0x5gW3J757,zeQZeazqKw,ST,2025,42,14,4,4.0933,-1.1038,-0.0933,18,2,2.8411,-0.8411,6,6.9344,1.6148,2.1139
0x5gWVaj57,Pk5LeeNqOW,ST,313,13,1,1,2.1155,-1.9427,-1.1155,3,0,0.1955,-0.1955,1,2.3109,0.3354,2.0104
2lqR70GxQr,7vQ7BBzqD1,FB,1155,8,3,1,0.4171,0.061,0.5829,5,0,0.6471,-0.6471,1,1.0643,0.4652,0.2169
2lqR7prDQr,7vQ7BBzqD1,DM,1707,9,5,3,2.0071,0.6306,0.9929,11,0,1.1183,-1.1183,3,3.1253,1.5448,0.8619
2lqRjBw0qr,KPqjw8PQ6v,FB,1490,22,8,2,2.5045,0.3585,-0.5045,18,3,3.1148,-0.1148,5,5.6193,0.9316,1.2611
2lqRJgPLqr,4wM4rZdqjB,DM,241,0,0,0,0.0,0.0,0.0,1,1,0.1245,0.8755,1,0.1245,0.0,0.0
2lqRJn6xqr,4JMAk47qKg,FB,266,0,0,0,0.0,0.0,0.0,0,0,0.0,0.0,0,0.0,0.0,0.0
2lqRjnZWqr,raMyrr25d2,W,278,3,1,0,0.1374,-0.0036,-0.1374,2,1,0.2255,0.7745,1,0.3629,0.0,0.1698
2lqRjRg2qr,KPqjw8PQ6v,ST,604,12,3,3,1.3513,-0.1389,1.6487,5,0,0.7469,-0.7469,3,2.0982,1.2859,0.8077
2lqRk09LQr,XVqKeVKM01,CM,161,1,1,0,0.0196,-0.0086,-0.0196,1,0,0.0257,-0.0257,0,0.0453,0.0,0.0169
2lqRk0vaQr,"['XVqKeVKM01', '7VqG1lYMvW', 'eV5DR6YQKn']",DM,7495,173,66,13,16.8759,0.4699,-3.8759,63,8,6.7148,1.2852,21,23.5906,11.7496,10.8079
2lqRk1dnQr,4JMAk47qKg,W,189,4,2,1,0.2097,0.4261,0.7903,1,0,0.0489,-0.0489,1,0.2586,0.597,0.0591
2lqRk1eAQr,7vQ7BBzqD1,ST,4709,106,44,12,16.1767,-3.101,-4.1767,47,2,4.7821,-2.7821,14,20.9588,4.9479,9.4373
2lqRk1naQr,4JMAk47qKg,CM,69,1,0,0,0.0305,-0.0305,-0.0305,2,0,0.0409,-0.0409,0,0.0714,0.0,0.0297
2lqRk1YaQr,raMyrr25d2,CB,3669,28,6,2,0.8685,0.0143,1.1315,22,1,1.9222,-0.9222,3,2.7907,0.8562,0.4541
2lqRk9PAQr,kRQa8JOqKZ,W,3,0,0,0,0.0,0.0,0.0,0,0,0.0,0.0,0,0.0,0.0,0.0
2lqRk9wWQr,zeQZeazqKw,W,4047,136,60,19,17.6763,0.8949,1.3237,65,7,6.8742,0.1258,26,24.5505,6.2876,9.4209
2lqRkkNDQr,Pk5LeeNqOW,GK,526,0,0,0,0.0,0.0,0.0,0,0,0.0,0.0,0,0.0,0.0,0.0
2lqRklgAQr,"['315VnJ759x', 'Pk5LeeNqOW']",CB,16736,8,1,0,0.409,0.1627,-0.409,23,3,2.0209,0.9791,3,2.4299,0.0,0.2719
2lqRkmXAQr,"['KPqjw8PQ6v', 'eV5DR6YQKn']",FB,15677,118,30,3,9.6027,-3.9111,-6.6027,94,12,10.4752,1.5248,15,20.0779,1.6734,6.1481
2lqRkN10Qr,eV5DR6YQKn,CB,2293,9,3,1,0.4902,0.2038,0.5098,9,0,0.6998,-0.6998,1,1.1901,0.6439,0.4691
2lqRkppnQr,"['7vQ7BBzqD1', 'aDQ0lzvQEv', 'KPqjw8PQ6v']",DM,1089,6,1,0,0.4697,-0.23,-0.4697,8,0,0.4055,-0.4055,0,0.8752,0.0,0.349
2lqRkPPnQr,4wM4Ezg5jB,GK,935,0,0,0,0.0,0.0,0.0,3,0,0.1731,-0.1731,0,0.1731,0.0,0.0
2lqRkRADQr,KPqjw8PQ6v,CM,464,7,2,1,0.5214,-0.3602,0.4786,2,0,0.0395,-0.0395,1,0.5609,0.399,0.2278
2lqRkZOxQr,"['4wM4rZdqjB', 'kRQaWa15KZ', 'eV5D2w9QKn']",CM,15085,223,74,22,21.7605,-0.0255,0.2395,144,12,15.1532,-3.1532,34,36.9137,10.0622,11.5697
2lqRR7knqr,"['KPqjw8PQ6v', 'raMyrr25d2']",ST,6909,346,170,57,43.9909,7.4122,13.0091,114,12,11.8702,0.1298,69,55.8611,26.5205,25.0408
2lqRRddLqr,"['4wM4rZdqjB', 'zeQZeazqKw']",AM,14651,500,177,67,60.4711,-1.7246,6.5289,295,24,35.7647,-11.7647,91,96.2358,18.8336,25.4257
2lqRRG6xqr,"['KPqjw8PQ6v', '7VqG1lYMvW']",DM,17332,94,25,5,4.7595,0.4904,0.2405,173,12,12.2266,-0.2266,17,16.9861,3.159,3.0386
2lqRRj9Jqr,XVqKeVKM01,CB,1597,4,1,1,0.4242,-0.2871,0.5758,1,0,0.0397,-0.0397,1,0.4639,0.1676,0.31
2lqRRjmaqr,7vQ7BBzqD1,CM,13759,313,114,27,25.2028,3.1806,1.7972,201,20,20.8584,-0.8584,47,46.0612,15.58,16.1454
2vQ143Ylqr,7VqG1lYMvW,AM,4082,104,44,14,12.4588,1.9882,1.5412,85,5,10.0509,-5.0509,19,22.5097,6.4827,6.902
2vQ14byOqr,XVqKeVKM01,FB,1573,3,1,1,0.0869,-0.0187,0.9131,8,0,0.6373,-0.6373,1,0.7242,1.757,0.0979
2vQ14dwwqr,7vQ7BBzqD1,W,61,1,1,1,0.1047,0.4169,0.8953,0,0,0.0,0.0,1,0.1047,0.8812,0.0923
2vQ14G44qr,7VqG1lYMvW,ST,1208,30,14,4,2.4582,0.4331,1.5418,10,0,1.0644,-1.0644,4,3.5226,1.9232,1.206
2vQ14jmLqr,aDQ0lzvQEv,W,864,22,11,5,4.6166,-0.0674,0.3834,14,3,1.0001,1.9999,8,5.6167,1.3761,1.7411
2vQ14k60qr,eV5DR6YQKn,W,681,14,3,0,0.6146,-0.4711,-0.6146,6,1,0.4802,0.5198,1,1.0948,0.0,0.1766
2vQ14Xolqr,"['XVqKeVKM01', '4JMAk47qKg']",FB,13894,88,20,4,6.2779,-1.3022,-2.2779,86,3,6.5051,-3.5051,7,12.783,0.5915,3.7237
2vQ1jGBxMr,4JMAk47qKg,W,18,0,0,0,0.0,0.0,0.0,1,0,0.0419,-0.0419,0,0.0419,0.0,0.0
2vQ1LdZwqr,XVqKeVKM01,CB,1552,6,1,0,0.368,-0.0558,-0.368,3,0,0.1599,-0.1599,0,0.5279,0.0,0.2848
2vQ1N2EbMr,aDQ0lzvQEv,CM,2230,43,18,5,4.9835,0.6497,0.0165,17,1,0.9464,0.0536,6,5.9299,2.1315,3.0801
2vQ1N2ybMr,"['eV5D2w9QKn', 'kRQaWa15KZ', 'aDQ0lzvQEv']",AM,1051,20,8,2,1.1761,0.8673,0.8239,14,2,0.6449,1.3551,4,1.821,1.0566,0.7807
2vQ1N3ebMr,"['zeQZeazqKw', 'eV5D2w9QKn']",AM,1166,14,5,2,1.7048,0.2626,0.2952,11,2,0.9925,1.0075,4,2.6974,0.149,1.0741
2vQ1N8PLMr,"['4JMAk47qKg', 'XVqKeVKM01', 'kRQa8JOqKZ', '7vQ7BBzqD1']",W,10138,147,55,11,14.4811,0.6421,-3.4811,60,7,6.3159,0.6841,18,20.797,3.8358,10.5336
2vQ1NDNOMr,4wM4Ezg5jB,AM,500,6,2,0,0.743,-0.5444,-0.743,1,0,0.0219,-0.0219,0,0.7649,0.0,0.5794
2vQ1R1WbMr,315VnJ759x,CM,140,0,0,0,0.0,0.0,0.0,0,0,0.0,0.0,0,0.0,0.0,0.0
315V7xlnq9,eV5DR6YQKn,ST,1176,21,5,1,2.9564,-1.7394,-1.9564,8,1,0.904,0.096,2,3.8604,0.5913,2.0556
315V7yXbq9,kRQa8JOqKZ,DM,49,0,0,0,0.0,0.0,0.0,0,0,0.0,0.0,0,0.0,0.0,0.0
315V7ZLVq9,7vQ7BBzqD1,W,27,0,0,0,0.0,0.0,0.0,0,0,0.0,0.0,0,0.0,0.0,0.0
315VeoRVM9,"['KPqjw8PQ6v', '4JMAk47qKg', 'XVqKeVKM01', '4wM4rZdqjB']",DM,8772,101,32,6,8.3662,-1.4488,-2.3662,94,4,7.2404,-3.2404,10,15.6066,4.1583,6.0398
315VP9j9Q9,KPqjw8PQ6v,ST,21,1,1,0,0.1568,0.1085,-0.1568,0,0,0.0,0.0,0,0.1568,0.0,0.0
315VWAw9q9,Pk5LeeNqOW,ST,84,2,0,0,0.1407,-0.1407,-0.1407,0,0,0.0,0.0,0,0.1407,0.0,0.1331
315VWp19q9,Pk5LeeNqOW,W,19,0,0,0,0.0,0.0,0.0,0,0,0.0,0.0,0,0.0,0.0,0.0
315VWVYYq9,4wM4rZdqjB,FB,95,1,0,0,0.0312,-0.0312,-0.0312,0,0,0.0,0.0,0,0.0312,0.0,0.0323
315VX01YQ9,"['raMyrr25d2', 'zeQZeazqKw']",DM,4000,84,32,8,9.4984,0.8577,-1.4984,25,3,2.07,0.93,11,11.5684,3.3108,5.1498
315VX0vYQ9,XVqKeVKM01,W,3712,68,24,6,7.3546,-0.898,-1.3546,48,4,6.4958,-2.4958,10,13.8504,2.6409,4.1167
315VX1nEQ9,xW5pwDBMg1,CB,444,0,0,0,0.0,0.0,0.0,1,0,0.0509,-0.0509,0,0.0509,0.0,0.0
315VXd2YQ9,4JMAk47qKg,FB,2093,7,1,0,0.6727,-0.444,-0.6727,4,0,0.1823,-0.1823,0,0.855,0.0,0.7917
315VXdEbQ9,XVqKeVKM01,W,2090,35,11,5,5.4355,-1.9194,-0.4355,38,4,4.0595,-0.0595,9,9.4949,2.59,2.6564
315VXENGQ9,"['4JMAk47qKg', 'XVqKeVKM01']",FB,3874,52,22,5,3.4958,1.2905,1.5042,30,2,3.5169,-1.5169,7,7.0127,1.6092,2.2578
315VXEXnQ9,raMyrr25d2,CB,1388,3,1,0,0.1146,-0.0822,-0.1146,3,1,0.3131,0.6869,1,0.4278,0.0,0.129
315VXPr6Q9,XVqKeVKM01,FB,1159,3,1,0,0.0778,-0.0606,-0.0778,11,0,0.7956,-0.7956,0,0.8734,0.0,0.051
315VXRDbQ9,"['aDQ0lzvQEv', 'zeQZeazqKw', 'Pk5LeeNqOW', 'raMyrr25d2']",W,9609,296,114,30,28.1888,1.2815,1.8112,199,22,17.4737,4.5263,52,45.6625,9.6947,11.8025
315VXz3vQ9,aDQ0lzvQEv,AM,512,10,2,0,1.0262,-0.8137,-1.0262,1,0,0.2169,-0.2169,0,1.2431,0.0,0.7548
4JMA93B9MK,"['4JMAk47qKg', '7vQ7BBzqD1', 'aDQ0lzvQEv', 'zeQZeazqKw']",CM,4939,59,21,8,6.659,0.0124,1.341,57,5,4.3509,0.6491,13,11.0099,3.099,3.7886
4JMA98P2MK,KPqjw8PQ6v,W,512,4,0,0,0.1293,-0.1293,-0.1293,0,0,0.0,0.0,0,0.1293,0.0,0.0995
4JMA9dO6MK,4wM4rZdqjB,CB,1574,4,1,1,0.9254,-0.3618,0.0746,2,0,0.3344,-0.3344,1,1.2598,0.1925,0.7723
4JMA9KEYMK,"['XVqKeVKM01', 'kRQaWa15KZ', 'eV5D2w9QKn']",W,6045,104,37,6,9.2132,-0.8582,-3.2132,104,12,9.8659,2.1341,18,19.0791,4.4171,7.0245
4JMA9KmkMK,7VqG1lYMvW,W,2361,55,24,6,9.8336,-0.6381,-3.8336,9,0,0.8829,-0.8829,6,10.7164,2.6236,6.398
4JMA9ROlMK,7vQ7BBzqD1,W,943,12,5,1,1.442,-0.4886,-0.442,9,1,0.6671,0.3329,2,2.1091,0.3841,1.2089
4JMA9Wp2MK,XVqKeVKM01,DM,872,5,1,0,0.4134,-0.3923,-0.4134,4,0,0.1186,-0.1186,0,0.532,0.0,0.2313
4JMA9y01MK,Pk5LeeNqOW,AM,1419,35,11,4,5.5664,-0.7642,-1.5664,8,0,1.385,-1.385,4,6.9514,0.2108,2.5565
4JMAak3kMK,XVqKeVKM01,W,11514,312,116,42,33.9918,3.4064,8.0081,247,18,22.5715,-4.5715,60,56.5634,20.1179,18.3784
4JMAakvDMK,raMyrr25d2,CM,644,6,3,2,0.2685,0.2668,1.7315,14,0,0.9791,-0.9791,2,1.2476,0.5234,0.2224
4JMAaoD6MK,315VnJ759x,CB,467,1,1,0,0.0132,0.0373,-0.0132,1,0,0.0622,-0.0622,0,0.0753,0.0,0.004
4JMAaol2MK,7vQ7BBzqD1,GK,671,0,0,0,0.0,0.0,0.0,0,0,0.0,0.0,0,0.0,0.0,0.0
4JMAaorOMK,7vQ7BBzqD1,FB,1423,3,1,0,0.1001,0.1037,-0.1001,12,1,0.5836,0.4164,1,0.6837,0.0,0.0895
4JMAarV6MK,"['7vQ7BBzqD1', 'XVqKeVKM01']",FB,6604,21,8,1,1.0198,-0.0575,-0.0198,83,8,7.0413,0.9587,9,8.0611,0.4578,0.5389
4JMAaW7OMK,"['KPqjw8PQ6v', 'Pk5LeeNqOW']",FB,9086,74,17,2,3.2587,-1.378,-1.2587,87,8,6.7536,1.2464,10,10.0123,0.0004,1.9083
4JMAkml7qK,"['raMyrr25d2', 'eV5DR6YQKn']",DM,7130,10,3,0,0.6542,-0.0631,-0.6542,20,1,1.062,-0.062,1,1.7162,0.0,0.3795
4JMAoba7qK,Pk5LeeNqOW,CM,5028,130,48,10,10.186,1.7004,-0.186,76,10,8.3029,1.6971,20,18.4889,3.439,6.3702
4JMAoLEPqK,315VnJ759x,CM,25,1,0,0,0.0203,-0.0203,-0.0203,1,0,0.0521,-0.0521,0,0.0724,0.0,0.0189
4JMAomE7qK,"['kRQa8JOqKZ', 'XVqKeVKM01']",ST,2766,66,23,8,8.2123,-1.0604,-0.2123,22,0,1.4276,-1.4276,8,9.6399,3.7062,5.7868
4JMAon29qK,Pk5LeeNqOW,CB,2492,13,4,0,0.6826,-0.1243,-0.6826,7,0,0.3444,-0.3444,0,1.027,0.0,0.5506
4JMAoyV2qK,kRQa8JOqKZ,FB,1859,17,4,1,0.9854,-0.1631,0.0146,5,1,0.6487,0.3513,2,1.634,0.9524,0.7929
4wM42Drpqj,4JMAk47qKg,CB,3443,3,1,0,0.0418,-0.0338,-0.0418,1,0,0.0638,-0.0638,0,0.1056,0.0,0.0075
4wM42JdNqj,4JMAk47qKg,ST,10909,351,129,42,41.8998,3.5636,0.1002,153,11,12.2034,-1.2034,53,54.1032,21.3199,24.1108
4wM42nwzqj,eV5D2w9QKn,AM,1151,24,9,0,1.1066,0.1427,-1.1066,21,1,1.1715,-0.1715,1,2.2781,0.0,0.6596
4wM42pa4qj,zeQZeazqKw,DM,95,0,0,0,0.0,0.0,0.0,0,0,0.0,0.0,0,0.0,0.0,0.0
4wM4a1zy5j,Pk5LeeNqOW,W,1183,11,4,1,1.1373,0.4733,-0.1373,8,1,0.9138,0.0862,2,2.0511,0.302,0.9306
4wM4aa445j,Pk5LeeNqOW,CM,5726,40,9,0,2.507,-0.9054,-2.507,34,2,2.6214,-0.6214,2,5.1284,0.0,1.5989
4wM4agey5j,zeQZeazqKw,AM,871,5,5,2,0.7421,0.8195,1.2579,8,1,0.4121,0.5879,3,1.1542,0.4071,0.084
4wM4aj4y5j,XVqKeVKM01,CM,1748,13,7,0,1.2712,0.4233,-1.2712,15,1,0.8148,0.1852,1,2.086,0.0,0.4728
4wM4ajpz5j,KPqjw8PQ6v,CM,18,0,0,0,0.0,0.0,0.0,0,0,0.0,0.0,0,0.0,0.0,0.0
4wM4aOLA5j,zeQZeazqKw,CB,6702,26,9,3,3.9193,-0.5113,-0.9193,22,3,1.7713,1.2287,6,5.6906,1.2116,2.4869
4wM4aVdl5j,"['4wM4Ezg5jB', '7VqG1lYMvW', '7vQ7BBzqD1', 'Pk5LeeNqOW']",FB,11052,18,3,1,0.9094,0.2976,0.0906,75,10,6.4992,3.5008,11,7.4086,0.7718,0.6594
4wM4Je2gqj,7VqG1lYMvW,W,2221,40,6,0,3.0362,-2.601,-3.0362,45,4,3.9739,0.0261,4,7.0101,0.0,2.0711
4wM4Jnmgqj,4JMAk47qKg,GK,888,0,0,0,0.0,0.0,0.0,0,0,0.0,0.0,0,0.0,0.0,0.0
4wM4p3LdMj,aDQ0lzvQEv,CB,121,1,0,0,0.0984,-0.0984,-0.0984,0,0,0.0,0.0,0,0.0984,0.0,0.0808
4wM4ZnGAqj,4wM4Ezg5jB,GK,484,0,0,0,0.0,0.0,0.0,0,0,0.0,0.0,0,0.0,0.0,0.0
4wM4ZnXgqj,"['XVqKeVKM01', 'kRQa8JOqKZ']",W,5635,116,49,14,16.885,-0.7314,-2.885,110,8,10.1674,-2.1674,22,27.0524,7.4379,12.0652
7vQ7B4LEqD,4JMAk47qKg,FB,777,5,2,1,0.5993,-0.0913,0.4007,1,0,0.0151,-0.0151,1,0.6143,0.5484,0.3657
7vQ7rAdOqD,"['kRQaWa15KZ', 'eV5D2w9QKn']",DM,2459,28,11,0,1.673,-0.2666,-1.673,20,0,0.9414,-0.9414,0,2.6143,0.0,1.4763
7vQ7rAjzqD,XVqKeVKM01,FB,1599,3,0,0,0.0748,-0.0748,-0.0748,9,1,0.4918,0.5082,1,0.5666,0.0,0.0498
7vQ7rAZOqD,aDQ0lzvQEv,CM,765,4,2,1,0.2102,0.2816,0.7898,4,1,0.7569,0.2431,2,0.9672,0.4481,0.0781
7vQ7rjrGqD,"['4wM4Ezg5jB', 'raMyrr25d2', 'Pk5LeeNqOW', 'eV5D2w9QKn', '4wM4rZdqjB']",GK,7042,1,0,0,0.0136,-0.0136,-0.0136,3,1,0.2951,0.7049,1,0.3087,0.0,0.0134
7vQ7rL4eqD,aDQ0lzvQEv,CB,875,2,1,0,0.1031,0.017,-0.1031,3,0,0.0821,-0.0821,0,0.1853,0.0,0.0602
7vQ7rOwOqD,Pk5LeeNqOW,ST,7617,425,195,49,47.7506,1.9056,1.2494,103,13,11.5496,1.4504,62,59.3003,15.1833,21.3932
7vQ7rpPLqD,"['4JMAk47qKg', 'eV5DR6YQKn']",CB,1693,5,0,0,0.3754,-0.3754,-0.3754,4,0,0.2023,-0.2023,0,0.5777,0.0,0.1525
7vQ7xAxdMD,eV5DR6YQKn,ST,24,0,0,0,0.0,0.0,0.0,0,0,0.0,0.0,0,0.0,0.0,0.0
7VqG07XzQv,4JMAk47qKg,ST,59,0,0,0,0.0,0.0,0.0,0,0,0.0,0.0,0,0.0,0.0,0.0
7VqG0lxdQv,KPqjw8PQ6v,AM,471,3,0,0,0.1193,-0.1193,-0.1193,2,0,0.0811,-0.0811,0,0.2004,0.0,0.041
7VqG0WeYQv,7VqG1lYMvW,AM,197,1,1,0,0.0163,0.0318,-0.0163,3,0,0.1353,-0.1353,0,0.1516,0.0,0.011
7VqGj8N65v,4JMAk47qKg,GK,493,0,0,0,0.0,0.0,0.0,0,0,0.0,0.0,0,0.0,0.0,0.0
7VqGj8wd5v,aDQ0lzvQEv,ST,71,2,1,1,0.925,0.0219,0.075,0,0,0.0,0.0,1,0.925,0.1156,0.1574
7VqGjEoj5v,"['KPqjw8PQ6v', '7vQ7BBzqD1', 'raMyrr25d2']",DM,6425,25,5,1,1.0656,-0.3233,-0.0656,15,2,1.2089,0.7911,3,2.2744,0.5309,0.5942
7VqGjK3A5v,"['aDQ0lzvQEv', 'zeQZeazqKw']",ST,15434,477,197,63,63.8106,-2.3226,-0.8106,134,10,13.2017,-3.2017,73,77.0122,31.1442,39.0479
7VqGjobW5v,"['XVqKeVKM01', 'eV5D2w9QKn']",DM,8679,85,21,7,8.089,0.4572,-1.089,57,7,5.3772,1.6228,14,13.4662,3.9689,5.5495
7VqGjoY35v,XVqKeVKM01,FB,1270,3,0,0,0.0712,-0.0712,-0.0712,5,0,0.2364,-0.2364,0,0.3076,0.0,0.0489
7VqGjVXY5v,7vQ7BBzqD1,CB,199,0,0,0,0.0,0.0,0.0,0,0,0.0,0.0,0,0.0,0.0,0.0
7VqGjXpX5v,"['7VqG1lYMvW', 'raMyrr25d2']",GK,16040,1,0,0,0.0319,-0.0319,-0.0319,8,1,0.9612,0.0388,1,0.9931,0.0,0.0126
7VqGjYPj5v,Pk5LeeNqOW,CM,1971,19,6,0,0.997,-0.7484,-0.997,20,0,1.4875,-1.4875,0,2.4845,0.0,0.7415
7VqGjZWW5v,raMyrr25d2,CM,1255,6,3,0,0.5295,-0.3445,-0.5295,19,1,1.8698,-0.8698,1,2.3993,0.0,0.3281
7VqGLVgAQv,7vQ7BBzqD1,CB,569,2,0,0,0.0806,-0.0806,-0.0806,1,0,0.0327,-0.0327,0,0.1133,0.0,0.058
7VqGLW0xQv,aDQ0lzvQEv,AM,764,5,2,1,0.889,0.0902,0.111,6,1,0.3354,0.6646,2,1.2243,0.1379,0.2128
7VqGLWJdQv,zeQZeazqKw,CM,124,2,1,0,0.1087,0.1827,-0.1087,0,0,0.0,0.0,0,0.1087,0.0,0.0759
7VqGm02dMv,"['7VqG1lYMvW', 'XVqKeVKM01']",ST,11283,382,169,51,50.4718,-0.5388,0.5282,130,18,15.5046,2.4954,69,65.9764,20.237,29.8696
7VqGm33XMv,Pk5LeeNqOW,ST,1434,32,12,3,4.2928,-0.2749,-1.2928,17,2,1.7463,0.2537,5,6.0391,1.5067,2.1864
7VqGm3jYMv,4JMAk47qKg,CB,1435,4,0,0,0.1665,-0.1665,-0.1665,0,0,0.0,0.0,0,0.1665,0.0,0.1539
7VqGm3O6Mv,7VqG1lYMvW,W,3441,55,16,4,5.7078,-2.6848,-1.7078,40,5,5.2912,-0.2912,9,10.999,1.1827,4.0607
7VqGm3RzMv,raMyrr25d2,ST,1518,38,19,4,4.878,-2.558,-0.878,15,1,1.5455,-0.5455,5,6.4236,2.4871,3.2666
9vQ2220eQK,"['Pk5LeeNqOW', '4wM4Ezg5jB']",DM,7408,49,12,3,2.5578,-0.0192,0.4422,78,1,3.7158,-2.7158,4,6.2736,1.5092,1.46
9vQ222oeQK,Pk5LeeNqOW,W,4938,97,32,13,13.1797,-2.8271,-0.1797,36,6,3.9255,2.0745,19,17.1052,3.963,7.2338
9vQ22aGxQK,"['kRQa8JOqKZ', 'KPqjw8PQ6v']",CB,7813,75,16,5,7.2563,-1.8219,-2.2563,49,2,4.8691,-2.8691,7,12.1254,2.1368,4.1719
9vQ22eXYQK,Pk5LeeNqOW,FB,320,2,1,1,0.1821,0.4956,0.8179,3,1,0.4015,0.5985,2,0.5836,0.0077,0.0008
9vQ22Km7QK,7VqG1lYMvW,FB,699,5,2,0,0.2319,0.2998,-0.2319,6,0,0.3898,-0.3898,0,0.6217,0.0,0.1493
9vQ22r1mQK,raMyrr25d2,GK,2567,0,0,0,0.0,0.0,0.0,1,0,0.0389,-0.0389,0,0.0389,0.0,0.0
9vQ22xyLQK,"['aDQ0lzvQEv', 'XVqKeVKM01']",GK,17371,3,1,0,0.2963,0.1449,-0.2963,6,0,0.3276,-0.3276,0,0.6239,0.0,0.2784
9vQ2d4jx5K,4JMAk47qKg,DM,10728,98,28,8,8.8952,-1.5502,-0.8952,63,5,5.0917,-0.0917,13,13.9869,2.3681,5.5807
9vQ2d8nx5K,4wM4Ezg5jB,FB,1134,2,1,1,0.1852,-0.0789,0.8148,9,0,0.6246,-0.6246,1,0.8098,0.6358,0.1185
9vQ2dnK95K,"['4JMAk47qKg', 'KPqjw8PQ6v', 'eV5DR6YQKn']",W,12817,142,56,25,19.8176,0.9265,5.1824,182,25,20.2682,4.7318,50,40.0858,8.1762,10.4712
9vQ2dZ695K,7vQ7BBzqD1,GK,777,0,0,0,0.0,0.0,0.0,0,0,0.0,0.0,0,0.0,0.0,0.0
9vQ2Z7baQK,"['eV5DR6YQKn', 'aDQ0lzvQEv']",CB,1123,4,1,1,0.3478,0.3669,0.6522,1,0,0.0173,-0.0173,1,0.365,1.8336,0.4743
9vQ2Z9V7QK,4JMAk47qKg,ST,83,4,2,0,0.224,0.1466,-0.224,0,0,0.0,0.0,0,0.224,0.0,0.2474
9vQ2ZedoQK,"['eV5D2w9QKn', 'raMyrr25d2']",GK,3952,0,0,0,0.0,0.0,0.0,1,0,0.0177,-0.0177,0,0.0177,0.0,0.0
9vQ2ZkJmQK,eV5DR6YQKn,W,36,0,0,0,0.0,0.0,0.0,0,0,0.0,0.0,0,0.0,0.0,0.0
9vQ2Zy9LQK,"['Pk5LeeNqOW', '4JMAk47qKg']",CM,3222,28,10,2,2.5548,-0.0809,-0.5548,17,0,1.082,-1.082,2,3.6368,0.9837,1.3912
9Yqd63z7Mv,"['raMyrr25d2', 'aDQ0lzvQEv', 'KPqjw8PQ6v']",W,10144,315,146,39,39.2775,0.1837,-0.2775,194,19,19.9474,-0.9474,58,59.2249,17.0519,23.8766
9Yqd6bA7Mv,"['zeQZeazqKw', 'xW5pwDBMg1', '4wM4rZdqjB']",ST,10781,270,120,39,39.3852,-0.8643,-0.3852,109,12,13.6823,-1.6823,51,53.0675,11.8953,23.4697
9Yqd6bg7Mv,kRQaWa15KZ,FB,4087,26,5,0,1.1397,-0.7378,-1.1397,17,0,1.4475,-1.4475,0,2.5872,0.0,0.8758
9Yqd6LYoMv,"['raMyrr25d2', '4wM4rZdqjB']",W,753,13,4,0,1.0423,0.0529,-1.0423,6,2,1.0449,0.9551,2,2.0872,0.0,0.6859
9Yqd6PL7Mv,Pk5LeeNqOW,CM,9964,308,121,31,25.8954,7.3412,5.1046,136,14,14.9037,-0.9037,45,40.7991,14.5134,14.702
9Yqdkgdm5v,"['4JMAk47qKg', 'zeQZeazqKw']",DM,17256,120,29,7,8.1762,-2.4209,-1.1762,147,14,11.1844,2.8156,21,19.3605,3.5718,5.2793
9YqdkwPR5v,"['XVqKeVKM01', 'xW5pwDBMg1']",AM,1201,31,13,5,3.107,-0.1725,1.893,22,1,1.2055,-0.2055,6,4.3125,1.6661,1.857
9Yqdog7k5v,"['kRQa8JOqKZ', 'Pk5LeeNqOW']",ST,4038,140,53,11,19.6694,-2.9803,-8.6694,33,3,3.3535,-0.3535,14,23.0228,7.8008,13.029
9YqdoLJE5v,"['zeQZeazqKw', 'KPqjw8PQ6v']",FB,5391,75,32,11,9.7412,0.5763,1.2588,52,5,5.2216,-0.2216,16,14.9628,4.4776,5.2941
9YqdoxJm5v,"['315VnJ759x', 'KPqjw8PQ6v']",W,3136,75,26,9,10.1116,-2.0546,-1.1116,21,3,3.0969,-0.0969,12,13.2086,4.753,5.6946
9YqdoyGO5v,4JMAk47qKg,W,2338,38,12,3,2.809,-0.6449,0.191,19,1,1.7173,-0.7173,4,4.5264,0.9759,1.3717
9YqdoYPo5v,KPqjw8PQ6v,CM,123,0,0,0,0.0,0.0,0.0,0,0,0.0,0.0,0,0.0,0.0,0.0
9YqdoZzk5v,Pk5LeeNqOW,DM,69,0,0,0,0.0,0.0,0.0,0,0,0.0,0.0,0,0.0,0.0,0.0
9Yqdw4ko5v,eV5D2w9QKn,FB,1549,3,1,0,0.0616,0.0183,-0.0616,11,0,0.742,-0.742,0,0.8036,0.0,0.0515
9YqdwJ8R5v,"['zeQZeazqKw', '315VnJ759x']",ST,4181,67,30,7,11.505,-1.8901,-4.505,49,6,5.7394,0.2606,13,17.2444,1.5802,5.4386
9z5k730a5A,7vQ7BBzqD1,ST,2353,43,17,3,3.244,0.5528,-0.244,32,2,2.0235,-0.0235,5,5.2675,2.8694,2.1447
9z5k7azJ5A,raMyrr25d2,ST,2005,36,19,8,5.4884,1.6102,2.5116,16,4,2.1951,1.8049,12,7.6834,5.3347,3.0524
9z5k7ENJ5A,"['315VnJ759x', '4wM4rZdqjB', 'zeQZeazqKw']",FB,4875,24,5,1,0.846,-0.2422,0.154,31,4,2.9163,1.0837,5,3.7622,0.5106,0.5126
9z5k7G0J5A,raMyrr25d2,ST,652,12,6,1,0.9413,-0.155,0.0587,9,0,0.7988,-0.7988,1,1.7402,0.3334,0.7513
9z5k7G3l5A,4wM4Ezg5jB,DM,295,4,0,0,0.1119,-0.1119,-0.1119,1,0,0.0126,-0.0126,0,0.1246,0.0,0.035
9z5k7GpK5A,4JMAk47qKg,FB,18,0,0,0,0.0,0.0,0.0,0,0,0.0,0.0,0,0.0,0.0,0.0
9z5k7GVJ5A,4JMAk47qKg,W,376,2,0,0,0.1004,-0.1004,-0.1004,3,0,0.0759,-0.0759,0,0.1763,0.0,0.0897
9z5k7k7d5A,"['KPqjw8PQ6v', '4JMAk47qKg', 'kRQaWa15KZ', 'raMyrr25d2', '7vQ7BBzqD1']",W,12038,268,97,29,30.0085,-2.3241,-1.0086,134,18,15.4791,2.5209,47,45.4876,12.1667,19.4971
9z5k7NAP5A,"['eV5D2w9QKn', 'kRQaWa15KZ', '4JMAk47qKg']",FB,5996,13,3,0,0.7351,-0.3835,-0.7351,29,2,2.6081,-0.6081,2,3.3432,0.0,1.0252
9z5k7P4g5A,KPqjw8PQ6v,GK,16895,0,0,0,0.0,0.0,0.0,6,0,0.2832,-0.2832,0,0.2832,0.0,0.0
9z5k7pPJ5A,4JMAk47qKg,ST,166,5,3,0,0.4218,0.2039,-0.4218,1,1,0.0429,0.9571,1,0.4648,0.0,0.5767
9z5k7wOP5A,eV5DR6YQKn,W,909,16,8,4,1.7245,1.5598,2.2755,10,0,1.0358,-1.0358,4,2.7603,0.0331,0.6578
9z5ka3RKQA,"['7vQ7BBzqD1', 'KPqjw8PQ6v', '4wM4Ezg5jB']",CM,3431,95,35,8,8.0288,1.3895,-0.0288,38,2,3.2047,-1.2047,10,11.2335,4.1575,5.8109
9z5kaPweQA,4JMAk47qKg,CB,912,2,1,0,0.3994,0.0283,-0.3994,0,0,0.0,0.0,0,0.3994,0.0,0.1311
9z5kbD6aMA,raMyrr25d2,ST,38,0,0,0,0.0,0.0,0.0,0,0,0.0,0.0,0,0.0,0.0,0.0
9z5kbv7KMA,Pk5LeeNqOW,CB,1175,4,0,0,0.2293,-0.2293,-0.2293,0,0,0.0,0.0,0,0.2293,0.0,0.1321
9z5kbV9lMA,"['eV5D2w9QKn', 'raMyrr25d2']",FB,8112,87,31,6,7.1511,-1.1119,-1.1511,70,4,5.8121,-1.8121,10,12.9632,4.6777,5.3257
9z5kWAOe5A,KPqjw8PQ6v,CB,10,0,0,0,0.0,0.0,0.0,0,0,0.0,0.0,0,0.0,0.0,0.0
9z5kWjNj5A,315VnJ759x,FB,364,2,1,0,0.0382,0.0811,-0.0382,5,0,0.6996,-0.6996,0,0.7378,0.0,0.0108
a35rK2K2qL,"['aDQ0lzvQEv', 'KPqjw8PQ6v', 'eV5DR6YQKn']",W,4284,123,46,13,17.2265,-0.0752,-4.2265,51,4,5.7947,-1.7947,17,23.0212,6.9954,9.6306
a35rKEnoqL,raMyrr25d2,DM,1383,8,0,0,0.3581,-0.3581,-0.3581,4,0,0.1117,-0.1117,0,0.4698,0.0,0.179
a35rKl3oqL,"['4wM4rZdqjB', 'Pk5LeeNqOW', 'eV5D2w9QKn']",FB,5777,58,23,2,6.0057,-1.7582,-4.0057,53,2,4.4136,-2.4136,4,10.4193,0.9001,3.669
a35rKneLqL,raMyrr25d2,CB,13,0,0,0,0.0,0.0,0.0,0,0,0.0,0.0,0,0.0,0.0,0.0
a35rKYzoqL,"['4JMAk47qKg', 'aDQ0lzvQEv']",W,1867,23,7,0,1.8017,-1.2146,-1.8017,14,3,1.4247,1.5753,3,3.2264,0.0,0.7394
a35ry6BLML,eV5D2w9QKn,W,2159,68,24,3,4.4728,0.202,-1.4728,39,4,2.7272,1.2728,7,7.2,1.6004,2.8341
a35ryBJwML,4JMAk47qKg,FB,138,0,0,0,0.0,0.0,0.0,1,0,0.0517,-0.0517,0,0.0517,0.0,0.0
a35ryBRGML,eV5DR6YQKn,FB,436,1,0,0,0.0197,-0.0197,-0.0197,0,0,0.0,0.0,0,0.0197,0.0,1.9746e-06
a35ryeZLML,"['4JMAk47qKg', '7vQ7BBzqD1']",W,8368,173,53,21,22.8885,-6.1232,-1.8885,75,10,8.1383,1.8617,31,31.0268,7.9605,15.0252
a35ryrgKML,Pk5LeeNqOW,FB,1193,2,0,0,0.3067,-0.3067,-0.3067,3,0,0.4171,-0.4171,0,0.7238,0.0,0.2237
a35ryvOKML,zeQZeazqKw,CM,374,2,0,0,0.1605,-0.1605,-0.1605,1,0,0.026,-0.026,0,0.1865,0.0,0.0827
aDQ0aNglME,"['raMyrr25d2', 'XVqKeVKM01']",GK,9948,1,0,0,0.0789,-0.0789,-0.0789,1,0,0.1376,-0.1376,0,0.2165,0.0,0.0776
aDQ0aplvME,"['7vQ7BBzqD1', 'Pk5LeeNqOW']",ST,3274,57,20,6,8.9563,-2.2364,-2.9563,42,4,4.5379,-0.5379,10,13.4942,2.0196,5.9272
aDQ0lPXGQE,raMyrr25d2,FB,5,0,0,0,0.0,0.0,0.0,0,0,0.0,0.0,0,0.0,0.0,0.0
aDQ0Nbav5E,"['eV5DR6YQKn', 'zeQZeazqKw']",ST,712,14,2,1,2.2022,-1.4943,-1.2022,1,0,0.0161,-0.0161,1,2.2182,1.3158,1.5861
aDQ0ND9G5E,XVqKeVKM01,FB,49,1,1,1,0.1348,0.5047,0.8652,0,0,0.0,0.0,1,0.1348,1.8065,0.2435
aDQ0NDgR5E,eV5DR6YQKn,W,1976,44,18,4,4.6703,0.6472,-0.6703,20,2,2.1823,-0.1823,6,6.8526,2.2513,3.7951
aDQ0Neav5E,KPqjw8PQ6v,FB,107,0,0,0,0.0,0.0,0.0,0,0,0.0,0.0,0,0.0,0.0,0.0
aDQ0NLmE5E,aDQ0lzvQEv,AM,1569,35,10,5,4.0749,-0.9722,0.9251,32,8,4.933,3.067,13,9.0079,2.8688,2.2057
aDQ0Nv325E,4wM4rZdqjB,CB,200,4,2,1,0.3845,0.2555,0.6155,0,0,0.0,0.0,1,0.3845,0.8211,0.3337
aDQ0NXov5E,XVqKeVKM01,W,158,0,0,0,0.0,0.0,0.0,6,0,0.3145,-0.3145,0,0.3145,0.0,0.0
aDQ0NYeB5E,315VnJ759x,GK,630,0,0,0,0.0,0.0,0.0,0,0,0.0,0.0,0,0.0,0.0,0.0
aDQ0P8BRQE,"['4JMAk47qKg', 'Pk5LeeNqOW']",ST,472,7,3,0,0.7592,0.2812,-0.7592,1,0,0.0184,-0.0184,0,0.7776,0.0,0.4672
aDQ0PeEBQE,raMyrr25d2,CM,112,0,0,0,0.0,0.0,0.0,1,0,0.03,-0.03,0,0.03,0.0,0.0
aDQ0PLRpQE,4wM4rZdqjB,ST,969,17,6,2,2.0403,-0.8647,-0.0403,13,3,3.021,-0.021,5,5.0613,0.0213,1.1206
aDQ0PPgWQE,kRQa8JOqKZ,AM,3093,45,15,4,3.8738,-0.417,0.1262,54,3,4.6809,-1.6809,7,8.5547,2.4197,2.2999
aDQ0PXxpQE,KPqjw8PQ6v,GK,873,0,0,0,0.0,0.0,0.0,0,0,0.0,0.0,0,0.0,0.0,0.0
aDQ0PXyGQE,XVqKeVKM01,GK,390,0,0,0,0.0,0.0,0.0,0,0,0.0,0.0,0,0.0,0.0,0.0
aDQ0x3YEQE,KPqjw8PQ6v,CB,1687,3,1,0,0.2792,-0.092,-0.2792,7,1,1.5697,-0.5697,1,1.8489,0.0,0.0812
aDQ0xDDPQE,KPqjw8PQ6v,ST,308,4,1,0,0.3779,-0.3576,-0.3779,2,0,0.1486,-0.1486,0,0.5265,0.0,0.2986
BLMv601AMx,XVqKeVKM01,W,63,1,0,0,0.0371,-0.0371,-0.0371,0,0,0.0,0.0,0,0.0371,0.0,0.0246
BLMv77ZR5x,315VnJ759x,CB,17,0,0,0,0.0,0.0,0.0,0,0,0.0,0.0,0,0.0,0.0,0.0
BLMv78mR5x,Pk5LeeNqOW,CM,6032,64,33,15,7.825,4.5804,7.175,96,11,8.6236,2.3764,26,16.4487,4.4281,3.375
BLMv7Klj5x,4wM4rZdqjB,FB,4658,30,8,4,1.8485,1.4728,2.1515,72,6,6.7967,-0.7967,10,8.6452,2.8018,1.2621
BLMv7kn85x,Pk5LeeNqOW,W,887,24,14,2,1.7443,-0.1468,0.2557,10,1,1.4503,-0.4503,3,3.1946,0.4775,0.6708
BLMv7oZO5x,XVqKeVKM01,ST,2280,114,53,17,15.8583,-2.7345,1.1417,37,6,4.2623,1.7377,23,20.1207,3.5366,5.4848
BLMvkAnB5x,zeQZeazqKw,W,681,14,7,3,1.0197,0.6632,1.9803,8,1,0.8091,0.1909,4,1.8288,0.9454,0.4725
BLMvl6k7qx,"['zeQZeazqKw', 'aDQ0lzvQEv']",GK,4605,0,0,0,0.0,0.0,0.0,1,0,0.1384,-0.1384,0,0.1384,0.0,0.0
BLMvl7ABqx,"['7vQ7BBzqD1', 'kRQaWa15KZ']",CB,4234,38,10,4,2.3802,-1.1089,1.6198,23,1,1.6293,-0.6293,5,4.0095,2.7832,1.8937
BLMvrGGOMx,zeQZeazqKw,CB,17,0,0,0,0.0,0.0,0.0,0,0,0.0,0.0,0,0.0,0.0,0.0
BLMvrre7Mx,aDQ0lzvQEv,FB,134,2,0,0,0.0864,-0.0864,-0.0864,1,0,0.0181,-0.0181,0,0.1045,0.0,0.0423
BLMvz047Mx,"['7vQ7BBzqD1', 'aDQ0lzvQEv']",FB,2885,12,4,1,0.5766,0.6128,0.4234,13,1,0.6978,0.3022,2,1.2744,0.0,0.4849
BLMvzAG7Mx,7vQ7BBzqD1,W,758,7,2,0,0.537,-0.3499,-0.537,8,1,0.5681,0.4319,1,1.105,0.0,0.3599
BLMvzAX3Mx,"['XVqKeVKM01', 'raMyrr25d2']",W,76,0,0,0,0.0,0.0,0.0,1,0,0.033,-0.033,0,0.033,0.0,0.0
BLMvzNdBMx,7vQ7BBzqD1,W,62,1,0,0,0.3487,-0.3487,-0.3487,0,0,0.0,0.0,0,0.3487,0.0,0.3248
BLMvzrdlMx,"['4wM4Ezg5jB', '7vQ7BBzqD1']",CM,2741,33,8,0,1.8141,-0.0644,-1.8141,27,0,1.5952,-1.5952,0,3.4092,0.0,1.2956
BLMvzVyXMx,Pk5LeeNqOW,DM,7425,49,15,3,1.8426,0.4689,1.1574,120,13,8.9959,4.0041,16,10.8384,2.4523,1.2144
e7Mz0Oxeqr,aDQ0lzvQEv,CM,8,0,0,0,0.0,0.0,0.0,0,0,0.0,0.0,0,0.0,0.0,0.0
e7Mz9JKeQr,"['4JMAk47qKg', 'raMyrr25d2']",ST,6164,254,79,25,22.8189,-3.2159,2.1811,78,5,7.0957,-2.0957,30,29.9146,12.6549,12.7915
e7Mz9KJJQr,7vQ7BBzqD1,FB,3826,13,4,1,0.4901,0.0961,0.5099,47,3,3.5561,-0.5561,4,4.0461,0.5906,0.2903
e7MzAKROQr,7vQ7BBzqD1,FB,438,0,0,0,0.0,0.0,0.0,5,0,0.3336,-0.3336,0,0.3336,0.0,0.0
e7MzJbOeMr,eV5D2w9QKn,GK,109,0,0,0,0.0,0.0,0.0,0,0,0.0,0.0,0,0.0,0.0,0.0
e7MzJJDXMr,"['zeQZeazqKw', 'eV5D2w9QKn']",CM,371,7,2,0,0.616,0.0943,-0.616,3,1,0.5343,0.4657,1,1.1503,0.0,0.1047
e7MzJKkOMr,aDQ0lzvQEv,ST,141,3,1,0,0.436,-0.1599,-0.436,0,0,0.0,0.0,0,0.436,0.0,0.2984
e7MzJRO7Mr,raMyrr25d2,CM,5408,70,16,3,7.314,-3.9127,-4.314,63,6,5.2562,0.7438,9,12.5701,0.5716,4.4497
e7Mzl1Z6qr,"['4wM4Ezg5jB', 'aDQ0lzvQEv']",CB,3447,1,0,0,0.0224,-0.0224,-0.0224,10,0,0.491,-0.491,0,0.5134,0.0,0.0171
e7MzlELeqr,"['7VqG1lYMvW', 'aDQ0lzvQEv', 'Pk5LeeNqOW']",FB,3691,18,5,0,0.9657,-0.5148,-0.9657,38,0,2.4366,-2.4366,0,3.4023,0.0,0.5222
e7MzlGkjqr,"['KPqjw8PQ6v', 'raMyrr25d2']",ST,2772,44,15,6,6.1764,-1.031,-0.1764,38,3,3.5534,-0.5534,9,9.7298,1.6471,3.3051
e7Mzllbeqr,"['XVqKeVKM01', 'zeQZeazqKw']",W,1613,7,3,0,0.3278,0.1925,-0.3278,12,0,0.8995,-0.8995,0,1.2273,0.0,0.2932
e7MzlyXGqr,"['eV5DR6YQKn', '4JMAk47qKg']",W,1530,51,12,4,4.4002,-1.0344,-0.4002,24,5,3.8376,1.1624,9,8.2379,0.6652,2.1118
e7Mzlyyeqr,"['raMyrr25d2', 'KPqjw8PQ6v']",ST,4540,71,29,15,11.454,2.9197,3.546,67,6,8.6947,-2.6947,21,20.1487,6.6808,6.5759
EGMPlAeyMa,"['7vQ7BBzqD1', '4wM4rZdqjB', 'eV5D2w9QKn']",CB,8892,42,12,2,3.9168,-0.9838,-1.9168,22,1,1.4745,-0.4745,3,5.3913,1.8046,3.2621
EGMPlJ8VMa,4wM4Ezg5jB,CB,1356,2,1,1,0.1117,0.3622,0.8883,6,1,0.5588,0.4412,2,0.6705,0.4108,0.0452
EGMPlrnyMa,xW5pwDBMg1,CM,60,0,0,0,0.0,0.0,0.0,1,0,0.0309,-0.0309,0,0.0309,0.0,0.0
EGMPlRrrMa,4wM4Ezg5jB,W,492,4,2,0,0.1405,-0.022,-0.1405,2,0,0.1699,-0.1699,0,0.3104,0.0,0.0496
EGMPn0zxqa,KPqjw8PQ6v,CB,3234,1,1,0,0.0391,-0.0126,-0.0391,5,0,0.1539,-0.1539,0,0.1931,0.0,0.0377
EGMPn7Dxqa,raMyrr25d2,W,280,1,0,0,0.0372,-0.0372,-0.0372,2,0,0.1918,-0.1918,0,0.229,0.0,0.0183
EGMPn8O3qa,xW5pwDBMg1,FB,109,3,1,0,0.1653,-0.1301,-0.1653,1,0,0.0435,-0.0435,0,0.2088,0.0,0.256
EGMPneD4qa,kRQa8JOqKZ,DM,854,10,1,0,0.5411,-0.5201,-0.5411,12,1,0.7535,0.2465,1,1.2946,0.0,0.2325
EGMPnK94qa,4wM4Ezg5jB,W,29,1,0,0,0.0445,-0.0445,-0.0445,0,0,0.0,0.0,0,0.0445,0.0,0.0
EGMPnKgxqa,"['KPqjw8PQ6v', '7VqG1lYMvW', '4JMAk47qKg']",W,7433,121,35,9,11.0025,-3.0285,-2.0025,150,18,16.246,1.754,27,27.2486,6.5466,7.3889
EGMPnYB4qa,"['raMyrr25d2', 'Pk5LeeNqOW', '4JMAk47qKg']",DM,1900,26,8,1,1.6703,-0.5602,-0.6703,15,1,1.0088,-0.0088,2,2.6791,1.6249,1.4792
EGMPnZPjqa,"['aDQ0lzvQEv', '7vQ7BBzqD1']",DM,7517,41,6,1,1.8063,-0.7534,-0.8063,23,3,2.3894,0.6106,4,4.1957,0.001,1.1753
EGMPR9DVqa,KPqjw8PQ6v,FB,50,0,0,0,0.0,0.0,0.0,0,0,0.0,0.0,0,0.0,0.0,0.0
EGMPrB60qa,kRQa8JOqKZ,W,108,3,1,0,0.2572,-0.1627,-0.2572,2,0,0.4988,-0.4988,0,0.756,0.0,0.2792
EGMPrO6rqa,315VnJ759x,W,327,13,3,0,1.0774,-0.5488,-1.0774,4,0,0.2272,-0.2272,0,1.3047,0.0,0.4077
EGMPRWj4qa,4JMAk47qKg,DM,12,0,0,0,0.0,0.0,0.0,0,0,0.0,0.0,0,0.0,0.0,0.0
EGMPRz6kqa,XVqKeVKM01,W,279,3,0,0,0.314,-0.314,-0.314,2,1,0.3441,0.6559,1,0.6581,0.0,0.2082
EGMPZ1x3qa,raMyrr25d2,FB,35,0,0,0,0.0,0.0,0.0,0,0,0.0,0.0,0,0.0,0.0,0.0
EGMPZ6Zxqa,"['KPqjw8PQ6v', 'eV5D2w9QKn', '4wM4rZdqjB', 'Pk5LeeNqOW']",W,3511,60,18,6,7.2499,-2.6665,-1.2499,54,4,4.9003,-0.9003,10,12.1502,2.0064,3.1358
EGMPZanrqa,"['7vQ7BBzqD1', '315VnJ759x']",FB,2032,7,2,0,0.2742,0.0915,-0.2742,14,1,1.4938,-0.4938,1,1.7679,0.0,0.1915
EGMPZBdjqa,KPqjw8PQ6v,W,286,5,1,0,0.7521,-0.6167,-0.7521,0,0,0.0,0.0,0,0.7521,0.0,0.4988
eV5D022O5K,7vQ7BBzqD1,ST,1109,32,21,7,2.817,2.3169,4.183,11,1,0.6806,0.3194,8,3.4976,3.0483,1.3295
eV5D27XYQK,"['4wM4rZdqjB', '4JMAk47qKg']",CB,1104,2,1,0,0.0777,0.0006,-0.0777,0,0,0.0,0.0,0,0.0777,0.0,0.0441
eV5D2w7JQK,4JMAk47qKg,CB,1340,5,2,0,0.4325,-0.1063,-0.4325,4,0,0.2814,-0.2814,0,0.7139,0.0,0.2132
eV5DkJZAMK,KPqjw8PQ6v,W,1723,39,11,2,4.2237,-1.1623,-2.2237,14,3,1.9442,1.0558,5,6.1678,1.4588,2.9736
eV5DL1R95K,"['4wM4rZdqjB', 'Pk5LeeNqOW']",W,2138,41,15,3,3.3865,0.2327,-0.3865,24,4,2.5375,1.4625,7,5.924,1.3308,2.1326
eV5DLE8Z5K,Pk5LeeNqOW,FB,2925,14,6,1,1.3243,-0.1833,-0.3243,13,1,2.1305,-1.1305,2,3.4548,0.3377,0.7163
eV5DLEjY5K,"['4wM4Ezg5jB', 'eV5D2w9QKn', 'KPqjw8PQ6v']",FB,3198,29,9,2,1.9872,-0.535,0.0128,17,1,1.3259,-0.3259,3,3.313,0.0151,0.543
eV5DLgAm5K,"['KPqjw8PQ6v', 'eV5D2w9QKn']",CB,6081,13,2,0,1.0194,-0.4685,-1.0194,6,0,0.2911,-0.2911,0,1.3105,0.0,0.7216
eV5DLK7A5K,"['KPqjw8PQ6v', '4JMAk47qKg']",W,9503,250,108,27,24.1249,1.4735,2.8751,123,16,13.7186,2.2814,43,37.8435,13.0825,14.6647
eV5DLm3J5K,zeQZeazqKw,FB,2237,12,3,1,0.5891,0.0558,0.4109,19,0,1.5167,-1.5167,1,2.1057,0.5213,0.3856
eV5DLY795K,"['kRQaWa15KZ', 'aDQ0lzvQEv']",W,1081,20,6,3,1.9211,0.0669,1.0789,14,4,2.0219,1.9781,7,3.9429,1.8498,1.471
eV5DLYZ95K,aDQ0lzvQEv,W,2684,68,29,7,4.8924,1.4404,2.1076,47,1,3.486,-2.486,8,8.3784,2.5839,2.9887
eV5Dz11YQK,aDQ0lzvQEv,W,1189,24,7,1,2.2994,-0.2085,-1.2994,8,0,0.9092,-0.9092,1,3.2086,0.4882,1.0776
eV5Dz239QK,raMyrr25d2,CM,48,1,0,0,0.0581,-0.0581,-0.0581,0,0,0.0,0.0,0,0.0581,0.0,0.0495
eV5DzaEmQK,kRQa8JOqKZ,GK,929,0,0,0,0.0,0.0,0.0,0,0,0.0,0.0,0,0.0,0.0,0.0
eV5DzeXAQK,zeQZeazqKw,CM,443,3,2,0,0.1753,-0.0108,-0.1753,0,0,0.0,0.0,0,0.1753,0.0,0.1258
eV5Dzp7nQK,"['XVqKeVKM01', '4JMAk47qKg', 'eV5DR6YQKn']",DM,9796,85,26,8,6.2588,-0.2067,1.7412,80,3,6.3867,-3.3867,11,12.6455,5.1892,4.2375
eV5DzwJJQK,"['4wM4rZdqjB', 'KPqjw8PQ6v']",CM,1642,18,6,0,2.0045,-0.6846,-2.0045,6,0,0.3562,-0.3562,0,2.3607,0.0,1.1589
eV5DzwxEQK,XVqKeVKM01,W,1000,11,5,0,1.0541,-0.2205,-1.0541,5,1,0.7236,0.2764,1,1.7777,0.0,0.579
eVq32V2v5W,"['XVqKeVKM01', 'aDQ0lzvQEv']",W,1286,21,8,4,2.5779,0.6485,1.4221,15,2,1.9547,0.0453,6,4.5326,3.2012,2.0556
eVq3axOvMW,"['aDQ0lzvQEv', 'eV5D2w9QKn', 'raMyrr25d2']",FB,7413,110,43,7,7.4296,0.3085,-0.4296,97,10,8.3527,1.6473,17,15.7823,2.6306,4.7427
eVq3ay46MW,"['4wM4rZdqjB', 'zeQZeazqKw', 'eV5D2w9QKn', 'kRQaWa15KZ']",FB,7807,44,15,2,2.4141,-0.6273,-0.4141,77,5,6.3332,-1.3332,7,8.7473,0.852,1.7391
eVq3ayjwMW,"['4JMAk47qKg', '7vQ7BBzqD1']",GK,4293,0,0,0,0.0,0.0,0.0,0,0,0.0,0.0,0,0.0,0.0,0.0
eVq3j01X5W,Pk5LeeNqOW,W,140,0,0,0,0.0,0.0,0.0,1,0,0.0233,-0.0233,0,0.0233,0.0,0.0
eVq3j0y65W,"['raMyrr25d2', '4JMAk47qKg', 'aDQ0lzvQEv', '4wM4Ezg5jB', 'KPqjw8PQ6v']",CM,11739,245,80,22,19.2601,-1.6564,2.7399,237,22,21.9268,0.0732,44,41.1869,10.2369,11.8766
eVq3ja3g5W,"['zeQZeazqKw', '4wM4rZdqjB', 'xW5pwDBMg1', '315VnJ759x']",GK,10092,0,0,0,0.0,0.0,0.0,2,0,0.1411,-0.1411,0,0.1411,0.0,0.0
eVq3jbPg5W,"['Pk5LeeNqOW', 'kRQa8JOqKZ', 'zeQZeazqKw']",W,7543,181,59,17,17.07,-2.3964,-0.07,38,4,2.9208,1.0792,21,19.9908,7.0945,10.3737
eVq3jmaw5W,7vQ7BBzqD1,AM,360,3,3,1,0.7194,0.0792,0.2806,4,0,0.3295,-0.3295,1,1.0489,0.5691,0.4257
eVq3jrvw5W,eV5DR6YQKn,W,1732,33,11,2,3.5107,-1.4876,-1.5107,32,3,1.8277,1.1723,5,5.3384,0.6526,1.7135
eVq3jWNv5W,"['eV5DR6YQKn', 'aDQ0lzvQEv']",CM,3756,43,15,7,4.2587,1.3741,2.7413,45,2,3.0347,-1.0347,9,7.2934,4.5037,2.5009
eVq3jWwG5W,"['xW5pwDBMg1', 'zeQZeazqKw']",GK,2780,0,0,0,0.0,0.0,0.0,0,0,0.0,0.0,0,0.0,0.0,0.0
eVq3jxzD5W,aDQ0lzvQEv,ST,2009,54,25,9,7.0581,3.4485,1.9419,22,3,2.555,0.445,12,9.6131,3.0397,3.278
eVq3rB0X5W,eV5D2w9QKn,AM,32,0,0,0,0.0,0.0,0.0,0,0,0.0,0.0,0,0.0,0.0,0.0
eVq3rlb65W,aDQ0lzvQEv,DM,2817,20,6,3,1.3226,1.217,1.6774,13,0,0.6207,-0.6207,3,1.9433,1.6429,0.6728
eVq3rXxv5W,KPqjw8PQ6v,ST,81,0,0,0,0.0,0.0,0.0,1,0,0.0492,-0.0492,0,0.0492,0.0,0.0
eVq3x4bgQW,zeQZeazqKw,CB,363,1,0,0,0.0233,-0.0233,-0.0233,0,0,0.0,0.0,0,0.0233,0.0,0.0031
eVq3xd6XQW,raMyrr25d2,DM,1209,22,3,0,1.2692,-1.1939,-1.2692,6,1,0.3573,0.6427,1,1.6266,0.0,1.0043
eVq3xlKGQW,"['7VqG1lYMvW', 'aDQ0lzvQEv']",GK,850,0,0,0,0.0,0.0,0.0,0,0,0.0,0.0,0,0.0,0.0,0.0
eVq3xoZDQW,"['XVqKeVKM01', '4wM4rZdqjB']",ST,1033,25,12,3,2.337,0.9289,0.663,11,1,0.9129,0.0871,4,3.2499,2.1451,1.2852
eVq3xvJGQW,raMyrr25d2,FB,3274,17,5,2,0.5877,0.2569,1.4123,36,3,2.6718,0.3282,5,3.2595,0.6332,0.1166
eVq3xWNwQW,KPqjw8PQ6v,CB,213,0,0,0,0.0,0.0,0.0,0,0,0.0,0.0,0,0.0,0.0,0.0
eVq3xy8wQW,aDQ0lzvQEv,DM,3109,25,7,1,0.9929,-0.5072,0.0071,23,2,1.4345,0.5655,3,2.4274,0.387,0.7263
eVq3y1GwMW,aDQ0lzvQEv,W,195,2,1,1,0.3658,-0.0048,0.6342,1,0,0.0303,-0.0303,1,0.3961,0.1043,0.2851
eVq3y1NgMW,4JMAk47qKg,CM,33,0,0,0,0.0,0.0,0.0,1,0,0.0332,-0.0332,0,0.0332,0.0,0.0
eVq3y1WvMW,eV5D2w9QKn,W,768,21,11,4,2.5347,0.879,1.4653,31,0,2.3894,-2.3894,4,4.924,1.4509,1.2767
eVq3yWJgMW,raMyrr25d2,CB,9,0,0,0,0.0,0.0,0.0,0,0,0.0,0.0,0,0.0,0.0,0.0
eVq3ywVGMW,XVqKeVKM01,GK,310,0,0,0,0.0,0.0,0.0,0,0,0.0,0.0,0,0.0,0.0,0.0
eVq3yyanMW,eV5DR6YQKn,DM,3535,19,5,0,2.1338,-1.2603,-2.1338,13,1,0.8699,0.1301,1,3.0036,0.0,1.4339
eVq3yzXDMW,"['Pk5LeeNqOW', '7VqG1lYMvW']",CB,419,1,1,1,0.6027,0.2512,0.3973,1,0,0.0942,-0.0942,1,0.697,0.7552,0.4552
gjMN6dzBMK,raMyrr25d2,CM,30,1,0,0,0.0381,-0.0381,-0.0381,0,0,0.0,0.0,0,0.0381,0.0,0.0012
gjMN6nOpMK,7vQ7BBzqD1,FB,12,0,0,0,0.0,0.0,0.0,0,0,0.0,0.0,0,0.0,0.0,0.0
gjMN6ol0MK,KPqjw8PQ6v,FB,1236,11,3,0,0.7121,-0.3896,-0.7121,6,0,0.5733,-0.5733,0,1.2855,0.0,0.3909
gjMN6vA0MK,KPqjw8PQ6v,DM,54,0,0,0,0.0,0.0,0.0,1,0,0.0221,-0.0221,0,0.0221,0.0,0.0
gjMN7bAK5K,7vQ7BBzqD1,W,212,5,3,0,0.3768,-0.2682,-0.3768,0,0,0.0,0.0,0,0.3768,0.0,0.3273
gjMN7GgY5K,4wM4rZdqjB,W,2685,115,64,21,22.3288,-2.4205,-1.3288,38,3,3.6296,-0.6296,24,25.9584,7.1265,12.1697
gjMNj3VpMK,4wM4rZdqjB,W,87,2,1,0,0.7387,-0.6049,-0.7387,0,0,0.0,0.0,0,0.7387,0.0,0.9281
gjMNjpVpMK,"['eV5D2w9QKn', 'aDQ0lzvQEv', '4wM4rZdqjB']",DM,2271,15,4,0,0.4675,-0.2617,-0.4675,8,0,0.4827,-0.4827,0,0.9502,0.0,0.3733
gjMNR1gvMK,4wM4rZdqjB,ST,1408,51,28,4,5.2335,0.534,-1.2335,9,0,0.8316,-0.8317,4,6.0652,0.517,2.7841
gjMNRAm4MK,"['4JMAk47qKg', 'eV5DR6YQKn']",ST,4267,145,63,17,16.4335,-1.1327,0.5665,22,4,2.4202,1.5798,21,18.8537,9.0419,10.3592
gjMNRdRDMK,"['KPqjw8PQ6v', '4wM4Ezg5jB']",ST,1847,32,13,2,2.7768,-0.4111,-0.7768,13,0,1.1466,-1.1466,2,3.9234,0.8485,1.791
gjMNRDxDMK,aDQ0lzvQEv,DM,12180,147,37,9,13.4707,-2.7195,-4.4707,123,6,9.1691,-3.1691,15,22.6398,3.1952,8.9873
gjMNRDZYMK,Pk5LeeNqOW,CB,6659,5,2,1,0.2193,1.0003,0.7807,18,1,0.9689,0.0311,2,1.1882,0.0024,0.0939
gjMNRNl3MK,"['raMyrr25d2', 'kRQa8JOqKZ', 'aDQ0lzvQEv']",GK,9700,0,0,0,0.0,0.0,0.0,1,0,0.0707,-0.0707,0,0.0707,0.0,0.0
gjMNRyokMK,xW5pwDBMg1,CM,731,10,2,1,0.2554,0.0232,0.7446,5,1,0.5275,0.4725,2,0.7829,0.0105,0.1321
gjMNv6j4MK,"['kRQa8JOqKZ', 'eV5D2w9QKn', 'Pk5LeeNqOW']",DM,4465,60,24,4,3.4729,0.9049,0.5271,29,1,2.5095,-1.5095,5,5.9824,0.9852,1.6004
gOMn2eV6Mw,raMyrr25d2,CB,9314,14,4,1,1.0742,0.9269,-0.0742,24,2,1.3286,0.6714,3,2.4028,0.211,0.5553
gOMn6X8BMw,"['7vQ7BBzqD1', 'raMyrr25d2', 'Pk5LeeNqOW', 'aDQ0lzvQEv']",CB,15953,65,19,8,6.5753,-0.1495,1.4247,51,4,4.4396,-0.4396,12,11.0149,3.0029,3.8659
gOMn6Yd6Mw,7vQ7BBzqD1,DM,4116,49,13,3,3.2107,0.2492,-0.2107,25,2,2.451,-0.451,5,5.6616,2.1982,2.3567
gOMnazzXQw,XVqKeVKM01,ST,13,0,0,0,0.0,0.0,0.0,0,0,0.0,0.0,0,0.0,0.0,0.0
gOMnlaKJqw,KPqjw8PQ6v,ST,103,1,0,0,0.034,-0.034,-0.034,2,0,0.2723,-0.2723,0,0.3063,0.0,0.0138
gOMnljxOqw,7vQ7BBzqD1,FB,21,0,0,0,0.0,0.0,0.0,0,0,0.0,0.0,0,0.0,0.0,0.0
gOMnlVG8qw,Pk5LeeNqOW,W,7370,261,102,25,30.1582,-6.6303,-5.1582,140,11,14.7158,-3.7158,36,44.874,7.6998,15.8401
gOMnlyvBqw,XVqKeVKM01,W,87,1,0,0,0.0227,-0.0227,-0.0227,1,0,0.0332,-0.0332,0,0.056,0.0,0.0345
gOMnR6AAMw,"['KPqjw8PQ6v', '4wM4rZdqjB']",AM,15361,288,84,18,18.3713,-0.851,-0.3713,233,24,23.0072,0.9928,42,41.3785,6.3107,9.8964
gOMnRAAJMw,kRQaWa15KZ,W,196,3,2,0,0.0783,0.0022,-0.0783,0,0,0.0,0.0,0,0.0783,0.0,0.0121
gOMnRbbAMw,zeQZeazqKw,CB,750,2,1,0,0.0833,0.0748,-0.0833,2,0,0.3154,-0.3154,0,0.3987,0.0,0.0604
gOMnRboOMw,"['XVqKeVKM01', '7vQ7BBzqD1', 'zeQZeazqKw', 'eV5DR6YQKn']",FB,16265,124,35,3,6.7528,-0.3637,-3.7528,282,19,27.5816,-8.5816,22,34.3344,2.0836,4.3426
gOMnRdyOMw,"['Pk5LeeNqOW', '7vQ7BBzqD1', 'raMyrr25d2']",DM,11455,136,48,14,14.0346,-1.7766,-0.0346,61,5,4.0648,0.9352,19,18.0994,7.3199,9.0873
gOMnREd8Mw,"['7vQ7BBzqD1', 'eV5DR6YQKn']",DM,5768,71,23,1,3.6438,-0.5684,-2.6438,24,3,2.2312,0.7688,4,5.875,0.7702,2.7119
gOMnREv8Mw,4JMAk47qKg,GK,100,0,0,0,0.0,0.0,0.0,0,0,0.0,0.0,0,0.0,0.0,0.0
gOMnREWAMw,eV5DR6YQKn,DM,589,2,0,0,0.168,-0.168,-0.168,2,0,0.0322,-0.0322,0,0.2002,0.0,0.0945
gOMnRnK8Mw,raMyrr25d2,GK,1243,0,0,0,0.0,0.0,0.0,0,0,0.0,0.0,0,0.0,0.0,0.0
gOMnRnYmMw,"['XVqKeVKM01', '4wM4Ezg5jB']",FB,7873,24,7,2,2.082,0.0011,-0.082,34,3,2.9696,0.0304,5,5.0516,1.2263,1.0953
gOMnRNZAMw,KPqjw8PQ6v,GK,2133,0,0,0,0.0,0.0,0.0,1,0,0.0274,-0.0274,0,0.0274,0.0,0.0
gOMnY42OQw,4JMAk47qKg,W,1839,19,8,0,1.4285,-0.7341,-1.4285,16,3,2.032,0.968,3,3.4605,0.0,1.2951
gOMnYAkBQw,"['4JMAk47qKg', 'kRQa8JOqKZ']",FB,214,5,2,0,0.1985,0.2446,-0.1985,1,0,0.0251,-0.0251,0,0.2236,0.0,0.043
gOMnYAOxQw,"['eV5D2w9QKn', '4JMAk47qKg', 'raMyrr25d2']",W,1719,30,11,1,2.7819,-0.5142,-1.7819,13,0,0.5912,-0.5912,1,3.3732,0.9771,2.1821
gOMnYEXBQw,KPqjw8PQ6v,ST,2858,66,21,6,7.8657,-1.5509,-1.8657,19,3,1.6121,1.3879,9,9.4779,3.2021,4.6013
gOMnYo8lQw,7VqG1lYMvW,FB,69,0,0,0,0.0,0.0,0.0,0,0,0.0,0.0,0,0.0,0.0,0.0
gOMnYXe6Qw,4JMAk47qKg,FB,858,18,6,1,1.42,-0.4489,-0.42,5,1,0.7575,0.2425,2,2.1775,1.248,1.167
gpMOa0nlqz,"['eV5DR6YQKn', 'zeQZeazqKw']",FB,6620,29,10,1,1.7,-0.0658,-0.7,59,4,5.1714,-1.1714,5,6.8714,0.7798,1.1576
gpMOa13Oqz,raMyrr25d2,DM,421,4,1,0,0.1254,-0.0492,-0.1254,1,0,0.0269,-0.0269,0,0.1524,0.0,0.0499
gpMOaLbDqz,"['kRQa8JOqKZ', 'KPqjw8PQ6v', '4JMAk47qKg', 'zeQZeazqKw']",DM,13577,66,19,5,4.1447,-0.3958,0.8553,48,2,2.7156,-0.7156,7,6.8603,2.5855,2.5461
gpMOapp1qz,"['kRQa8JOqKZ', 'XVqKeVKM01', '7VqG1lYMvW', 'aDQ0lzvQEv']",CM,11009,108,39,5,7.9027,1.9549,-2.9027,112,8,8.8045,-0.8045,13,16.7072,2.3995,5.1457
gpMOay2Dqz,"['XVqKeVKM01', 'raMyrr25d2']",GK,1075,0,0,0,0.0,0.0,0.0,0,0,0.0,0.0,0,0.0,0.0,0.0
gpMOayenqz,4wM4Ezg5jB,DM,633,14,5,1,0.9133,-0.0139,0.0867,2,0,0.0748,-0.0748,1,0.9881,0.4684,0.7083
gpMOeGZrqz,"['raMyrr25d2', 'zeQZeazqKw', '4wM4rZdqjB']",CM,5194,39,11,3,4.0773,-1.6001,-1.0773,43,3,3.4535,-0.4535,6,7.5308,1.3711,2.8802
gpMOekr2qz,kRQa8JOqKZ,DM,1975,9,2,0,0.5363,-0.2579,-0.5363,8,0,0.5186,-0.5186,0,1.0549,0.0,0.3174
gpMOeRG2qz,Pk5LeeNqOW,FB,512,2,0,0,0.0929,-0.0929,-0.0929,8,1,0.7304,0.2696,1,0.8233,0.0,0.0863
gpMOL3oy5z,aDQ0lzvQEv,GK,12,0,0,0,0.0,0.0,0.0,0,0,0.0,0.0,0,0.0,0.0,0.0
gpMOo3K7Mz,aDQ0lzvQEv,FB,3394,20,7,0,2.0391,-0.3407,-2.0391,28,2,2.6386,-0.6386,2,4.6776,0.0,1.6489
gpMOoG6nMz,"['4JMAk47qKg', 'eV5DR6YQKn']",FB,1167,1,0,0,0.0411,-0.0411,-0.0411,2,0,0.1601,-0.1601,0,0.2012,0.0,0.0186
gpMOoGgDMz,"['KPqjw8PQ6v', 'aDQ0lzvQEv']",CB,12993,63,16,7,4.8142,0.0563,2.1858,102,7,9.8122,-2.8122,14,14.6264,6.4321,3.759
gpMOoJjEMz,"['KPqjw8PQ6v', 'aDQ0lzvQEv']",FB,3722,13,2,1,0.6113,-0.2008,0.3887,27,1,2.1174,-1.1174,2,2.7287,1.0173,0.3623
gpMOol9nMz,XVqKeVKM01,CM,441,4,0,0,0.1054,-0.1054,-0.1054,5,0,0.491,-0.491,0,0.5964,0.0,0.0175
gpMOoXeOMz,"['aDQ0lzvQEv', 'zeQZeazqKw']",AM,9995,296,119,22,22.9124,1.6829,-0.9124,169,11,18.0637,-7.0637,33,40.9762,11.251,15.0691
gpMOzBW7Qz,kRQaWa15KZ,FB,203,0,0,0,0.0,0.0,0.0,1,0,0.1632,-0.1632,0,0.1632,0.0,0.0
gpMOzddlQz,"['raMyrr25d2', '7vQ7BBzqD1']",FB,2691,15,3,0,0.6515,0.183,-0.6515,13,0,0.94,-0.94,0,1.5914,0.0,0.5401
gpMOzmn1Qz,aDQ0lzvQEv,CB,2834,3,1,0,0.0982,-0.0584,-0.0982,7,0,0.2457,-0.2457,0,0.3438,0.0,0.0612
gpMOzoKnQz,eV5DR6YQKn,CB,3850,27,5,2,2.0313,-0.1241,-0.0313,4,0,0.2971,-0.2971,2,2.3284,0.5095,1.3471
gpMOzomrQz,XVqKeVKM01,DM,320,3,0,0,0.3219,-0.3219,-0.3219,0,0,0.0,0.0,0,0.3219,0.0,0.2066
jYQJ17DdqG,KPqjw8PQ6v,ST,47,0,0,0,0.0,0.0,0.0,1,0,0.0307,-0.0307,0,0.0307,0.0,0.0
jYQJ1ajVqG,"['Pk5LeeNqOW', '7vQ7BBzqD1']",W,4633,133,58,13,10.8896,1.417,2.1104,110,21,10.7467,10.2533,34,21.6363,5.6099,4.7542
jYQJ1g8dqG,"['kRQa8JOqKZ', 'XVqKeVKM01']",FB,6378,16,5,3,1.1291,-0.1127,1.8709,39,3,3.5155,-0.5155,6,4.6446,1.5601,0.5506
jYQJa0vBqG,4wM4rZdqjB,FB,1911,11,5,1,0.9039,-0.2735,0.0961,9,0,0.6513,-0.6513,1,1.5552,0.215,0.6173
jYQJabREqG,XVqKeVKM01,CB,350,0,0,0,0.0,0.0,0.0,0,0,0.0,0.0,0,0.0,0.0,0.0
jYQJaBrVqG,eV5D2w9QKn,DM,984,18,9,2,1.9212,-0.6725,0.0788,23,3,3.1179,-0.1179,5,5.0391,0.5631,0.6144
jYQJaJydqG,Pk5LeeNqOW,DM,1419,16,6,3,0.6439,0.8182,2.3561,7,0,0.3306,-0.3306,3,0.9745,0.4166,0.4167
jYQJaJzDqG,XVqKeVKM01,GK,101,0,0,0,0.0,0.0,0.0,0,0,0.0,0.0,0,0.0,0.0,0.0
jYQJavePqG,"['kRQa8JOqKZ', '7vQ7BBzqD1']",DM,5922,30,8,2,3.0564,-0.9254,-1.0564,23,1,1.0583,-0.0583,3,4.1147,0.6763,2.1535
jYQJaw3kqG,aDQ0lzvQEv,CM,164,2,1,0,0.0341,0.2702,-0.0341,0,0,0.0,0.0,0,0.0341,0.0,0.0176
jYQJg0EdMG,"['4wM4rZdqjB', '7VqG1lYMvW', '7vQ7BBzqD1']",ST,3314,80,32,6,10.6876,-4.0424,-4.6876,21,8,3.2906,4.7094,14,13.9781,5.7648,7.387
jYQJg0lEMG,Pk5LeeNqOW,CB,257,0,0,0,0.0,0.0,0.0,0,0,0.0,0.0,0,0.0,0.0,0.0
jYQJgGXWMG,7vQ7BBzqD1,DM,4361,32,8,2,1.5656,-0.1243,0.4344,18,0,0.8481,-0.8481,2,2.4137,0.1156,0.8614
jYQJz0WVQG,"['eV5D2w9QKn', '4wM4rZdqjB']",FB,764,6,0,0,0.2828,-0.2828,-0.2828,2,0,0.0505,-0.0505,0,0.3333,0.0,0.206
jYQJz0XZQG,kRQa8JOqKZ,W,3736,56,21,4,4.3278,0.5656,-0.3278,73,5,5.6439,-0.6439,9,9.9717,0.9001,2.5822
jYQJz1mZQG,"['xW5pwDBMg1', 'Pk5LeeNqOW']",GK,2845,0,0,0,0.0,0.0,0.0,1,0,0.114,-0.114,0,0.114,0.0,0.0
jYQJzkdZQG,Pk5LeeNqOW,W,162,1,1,0,0.0442,0.0348,-0.0442,0,0,0.0,0.0,0,0.0442,0.0,0.0307
jYQJzkgyQG,4wM4Ezg5jB,ST,168,2,1,1,0.4148,-0.2192,0.5852,2,0,0.048,-0.048,1,0.4628,0.8623,0.2742
jYQJzWeyQG,XVqKeVKM01,W,285,5,2,0,0.3509,-0.128,-0.3509,4,0,0.3467,-0.3467,0,0.6976,0.0,0.2522
jYQJzwXyQG,raMyrr25d2,CB,1783,10,3,1,0.3863,0.2566,0.6137,3,0,0.2171,-0.2171,1,0.6034,0.9026,0.2003
KAqB99w75b,aDQ0lzvQEv,FB,545,3,1,0,0.128,-0.1074,-0.128,3,2,0.4244,1.5756,2,0.5524,0.0,0.0916
KAqB9G4A5b,xW5pwDBMg1,CM,91,1,0,0,0.0509,-0.0509,-0.0509,1,0,0.0839,-0.0839,0,0.1349,0.0,0.0
KAqB9Y8X5b,"['XVqKeVKM01', 'aDQ0lzvQEv']",CB,7011,20,5,1,1.0057,0.2688,-0.0057,14,4,1.9818,2.0182,5,2.9875,0.5068,0.7658
KAqBjk9Vqb,4JMAk47qKg,CB,1733,13,4,0,0.786,-0.3745,-0.786,5,0,0.6393,-0.6393,0,1.4252,0.0,0.5743
KAqBjNlAqb,Pk5LeeNqOW,FB,15658,66,15,0,2.8592,-1.4733,-2.8592,280,25,25.6315,-0.6315,25,28.4907,0.0,1.7713
KAqBk7P7Qb,7VqG1lYMvW,DM,11,0,0,0,0.0,0.0,0.0,0,0,0.0,0.0,0,0.0,0.0,0.0
KAqBkgkXQb,4JMAk47qKg,CB,1085,6,0,0,0.3287,-0.3287,-0.3287,3,0,0.2848,-0.2848,0,0.6136,0.0,0.2742
KAqBkKgvQb,XVqKeVKM01,CB,5635,3,2,1,0.0898,0.8888,0.9102,13,3,1.0479,1.9521,4,1.1377,0.3512,0.0404
KAqBN0dVqb,eV5DR6YQKn,FB,1126,3,0,0,0.2425,-0.2425,-0.2425,5,1,0.2007,0.7993,1,0.4433,0.0,0.3622
KAqBN4d7qb,aDQ0lzvQEv,FB,90,0,0,0,0.0,0.0,0.0,0,0,0.0,0.0,0,0.0,0.0,0.0
KAqBNlkJqb,7VqG1lYMvW,FB,2171,10,5,2,1.2013,0.3647,0.7987,13,0,1.0279,-1.0279,2,2.2292,2.1083,0.9082
KAqBNmrmqb,"['eV5D2w9QKn', '7vQ7BBzqD1']",W,4838,123,49,8,11.0619,0.8145,-3.0619,51,5,5.5604,-0.5604,13,16.6223,4.2369,6.7339
KAqBNn1Zqb,"['Pk5LeeNqOW', 'eV5D2w9QKn']",ST,3070,69,25,7,11.7413,-3.1151,-4.7413,21,0,1.298,-1.298,7,13.0394,3.5229,8.2476
KAqBNV2Wqb,"['eV5D2w9QKn', 'kRQaWa15KZ', '4wM4rZdqjB']",FB,1481,2,1,0,0.0805,0.0026,-0.0805,17,1,0.7787,0.2213,1,0.8593,0.0,0.0407
KAqBNYamqb,XVqKeVKM01,CB,658,0,0,0,0.0,0.0,0.0,0,0,0.0,0.0,0,0.0,0.0,0.0
KAqBNz4mqb,"['eV5DR6YQKn', 'KPqjw8PQ6v', '7VqG1lYMvW', 'raMyrr25d2', 'kRQa8JOqKZ']",AM,12738,228,85,23,23.9253,2.6655,-0.9253,225,16,23.1408,-7.1408,39,47.0662,11.0377,14.4897
KAqBNzkXqb,4JMAk47qKg,W,2283,36,11,5,4.0848,-0.6118,0.9152,28,1,2.9266,-1.9266,6,7.0114,2.8675,2.8269
KAqBvJG4qb,4JMAk47qKg,W,23,0,0,0,0.0,0.0,0.0,0,0,0.0,0.0,0,0.0,0.0,0.0
KAqBvLJXqb,7vQ7BBzqD1,W,733,18,4,1,0.9781,0.2186,0.0219,5,0,0.2815,-0.2815,1,1.2596,0.993,0.8552
KAqBvzOBqb,kRQa8JOqKZ,FB,106,0,0,0,0.0,0.0,0.0,0,0,0.0,0.0,0,0.0,0.0,0.0
KPqj70wNQ6,4JMAk47qKg,GK,132,0,0,0,0.0,0.0,0.0,0,0,0.0,0.0,0,0.0,0.0,0.0
KPqj7gByQ6,"['kRQa8JOqKZ', 'KPqjw8PQ6v']",CB,13303,14,3,0,0.3441,-0.2324,-0.3441,26,0,1.9081,-1.9081,0,2.2523,0.0,0.2805
KPqj7gN2Q6,XVqKeVKM01,CB,7145,57,14,4,5.2116,-1.3185,-1.2116,16,1,1.3447,-0.3447,5,6.5563,2.9236,4.4382
KPqj7klyQ6,7vQ7BBzqD1,FB,528,1,0,0,0.0325,-0.0325,-0.0325,4,0,0.2119,-0.2119,0,0.2444,0.0,0.0251
KPqj7omEQ6,"['4JMAk47qKg', '4wM4rZdqjB']",W,9056,195,81,16,22.0142,-1.7184,-6.0142,118,14,14.834,-0.834,30,36.8482,4.8786,12.3032
KPqj7WvEQ6,4JMAk47qKg,FB,340,1,1,0,0.0242,0.3754,-0.0242,2,0,0.158,-0.158,0,0.1822,0.0,0.0004
KPqjBOaNq6,KPqjw8PQ6v,DM,1359,5,1,1,0.8768,-0.1996,0.1232,4,0,0.3236,-0.3236,1,1.2004,0.9082,0.4962
KPqjBzzRq6,eV5DR6YQKn,W,1736,37,18,5,3.9554,1.3208,1.0446,27,1,3.0468,-2.0468,6,7.0022,2.6122,3.3536
KPqjKjoPQ6,"['7VqG1lYMvW', 'eV5D2w9QKn', 'Pk5LeeNqOW']",FB,5786,16,5,1,0.8086,-0.1951,0.1914,48,4,3.8612,0.1388,5,4.6698,0.0037,0.5833
KPqjKkoPQ6,eV5DR6YQKn,CM,6556,147,50,17,15.2755,-0.1828,1.7245,113,6,9.8259,-3.8259,23,25.1013,10.1967,9.9766
KPqjKvrYQ6,kRQa8JOqKZ,FB,1017,7,2,0,0.4115,-0.3391,-0.4115,14,1,1.162,-0.162,1,1.5735,0.0,0.2577
KPqjKWP4Q6,"['eV5DR6YQKn', 'Pk5LeeNqOW']",ST,1122,29,17,5,4.381,0.9679,0.619,7,2,0.5718,1.4282,7,4.9528,2.7267,2.8345
KPqjKzG2Q6,"['eV5DR6YQKn', 'zeQZeazqKw']",FB,10802,72,16,2,4.536,-2.3755,-2.536,79,5,7.936,-2.936,7,12.472,0.7847,2.9086
KPqjKzrEQ6,KPqjw8PQ6v,W,29,0,0,0,0.0,0.0,0.0,0,0,0.0,0.0,0,0.0,0.0,0.0
KPqjoKrBQ6,raMyrr25d2,CB,3508,3,0,0,0.3572,-0.3572,-0.3572,4,0,0.2103,-0.2103,0,0.5676,0.0,0.2909
kRQa204jMK,aDQ0lzvQEv,W,577,6,1,0,0.3828,-0.3654,-0.3828,6,0,0.6073,-0.6073,0,0.99,0.0,0.2317
kRQa264bMK,"['4JMAk47qKg', 'KPqjw8PQ6v', '7vQ7BBzqD1']",FB,18675,324,123,34,29.7798,1.966,4.2202,290,28,24.1588,3.8412,62,53.9387,16.983,18.8706
kRQa2DZbMK,"['zeQZeazqKw', '4JMAk47qKg']",FB,836,0,0,0,0.0,0.0,0.0,5,1,0.3588,0.6412,1,0.3588,0.0,0.0
kRQa2mVoMK,eV5DR6YQKn,ST,3058,85,30,8,8.9502,-0.9669,-0.9502,34,3,2.9994,0.0006,11,11.9496,5.615,6.1984
kRQa2wDkMK,"['4wM4Ezg5jB', 'raMyrr25d2', 'aDQ0lzvQEv', '7vQ7BBzqD1']",CM,7610,221,96,20,20.8973,3.2147,-0.8973,134,7,13.6979,-6.6979,27,34.5951,11.3559,12.6249
kRQa2Z3kMK,XVqKeVKM01,FB,58,1,0,0,0.0378,-0.0378,-0.0378,1,1,0.1375,0.8625,1,0.1753,0.0,0.0592
kRQabk1gMK,"['xW5pwDBMg1', 'XVqKeVKM01']",DM,7464,105,29,8,7.585,-0.4627,0.415,48,2,2.5227,-0.5227,10,10.1077,3.2653,4.3542
kRQabok8MK,"['raMyrr25d2', 'XVqKeVKM01', 'aDQ0lzvQEv']",CB,14250,55,9,2,3.5615,-1.6788,-1.5615,74,7,5.3608,1.6392,9,8.9224,0.3372,2.2174
kRQabWebMK,XVqKeVKM01,GK,2714,0,0,0,0.0,0.0,0.0,0,0,0.0,0.0,0,0.0,0.0,0.0
kRQao2bk5K,raMyrr25d2,ST,2806,85,34,13,11.0822,-0.4833,1.9178,27,4,3.3207,0.6793,17,14.4029,2.4898,4.1761
kRQaogAk5K,XVqKeVKM01,DM,1492,12,5,1,0.6526,0.4432,0.3474,8,2,1.8978,0.1022,3,2.5504,0.6329,0.3351
kRQaozyb5K,zeQZeazqKw,W,2436,55,18,6,6.5951,-2.3382,-0.5951,22,3,2.727,0.273,9,9.3221,0.9176,4.1222
kRQaWLbk5K,KPqjw8PQ6v,CB,1650,8,4,4,0.9468,0.7397,3.0532,4,0,0.2108,-0.2108,4,1.1576,3.4703,0.8762
KXMe3vgvq6,7VqG1lYMvW,W,938,30,12,1,1.5081,-0.2273,-0.5081,8,1,1.003,-0.003,2,2.5111,0.0668,0.9488
KXMe84j3Q6,eV5D2w9QKn,GK,97,0,0,0,0.0,0.0,0.0,0,0,0.0,0.0,0,0.0,0.0,0.0
KXMe8NL6Q6,"['eV5D2w9QKn', '4wM4rZdqjB']",CB,2174,9,3,2,0.6826,0.4059,1.3174,1,0,0.0169,-0.0169,2,0.6996,2.1663,0.7629
KXMe8NwPQ6,"['KPqjw8PQ6v', 'raMyrr25d2', '4wM4rZdqjB']",GK,4165,0,0,0,0.0,0.0,0.0,0,0,0.0,0.0,0,0.0,0.0,0.0
KXMe8R02Q6,aDQ0lzvQEv,CM,1222,6,1,0,0.3407,-0.2579,-0.3407,2,1,0.1532,0.8468,1,0.4939,0.0,0.3072
KXMekeX1q6,7vQ7BBzqD1,GK,156,0,0,0,0.0,0.0,0.0,0,0,0.0,0.0,0,0.0,0.0,0.0
KXMekJVvq6,"['zeQZeazqKw', 'xW5pwDBMg1']",DM,5327,37,17,6,4.3474,1.5476,1.6526,50,8,5.348,2.652,14,9.6954,0.4939,1.4537
KXMekJykq6,"['4wM4Ezg5jB', 'XVqKeVKM01']",CB,3806,23,9,3,1.4813,0.4268,1.5187,14,1,1.681,-0.681,4,3.1622,1.0153,0.8893
KXMekKxXq6,"['4JMAk47qKg', 'XVqKeVKM01']",FB,3061,10,5,0,0.3361,-0.1878,-0.3361,19,1,1.3839,-0.3839,1,1.72,0.0,0.2886
KXMekRd6q6,zeQZeazqKw,ST,71,3,1,0,0.4483,-0.2784,-0.4483,0,0,0.0,0.0,0,0.4483,0.0,0.1615
KXMeO371q6,"['kRQaWa15KZ', 'eV5D2w9QKn', '4wM4rZdqjB']",DM,10941,32,9,0,0.8901,1.1865,-0.8901,35,2,2.776,-0.776,2,3.666,0.0,0.7158
KXMeO8mvq6,4wM4Ezg5jB,ST,2420,59,26,10,6.7995,3.4288,3.2006,24,2,1.7918,0.2082,12,8.5913,4.1496,3.4501
KXMeOYn1q6,raMyrr25d2,ST,260,4,1,0,0.2887,-0.186,-0.2887,2,0,0.0725,-0.0725,0,0.3612,0.0,0.1903
ljqE227oQx,aDQ0lzvQEv,CB,97,0,0,0,0.0,0.0,0.0,0,0,0.0,0.0,0,0.0,0.0,0.0
ljqE241EQx,"['XVqKeVKM01', '7vQ7BBzqD1']",CM,3602,46,20,3,4.6916,-0.1346,-1.6916,52,6,4.3869,1.6131,9,9.0785,0.6027,2.0226
ljqE2KEkQx,aDQ0lzvQEv,GK,1543,0,0,0,0.0,0.0,0.0,1,0,0.0276,-0.0276,0,0.0276,0.0,0.0
ljqE2N7AQx,"['7vQ7BBzqD1', 'XVqKeVKM01']",GK,4215,0,0,0,0.0,0.0,0.0,1,0,0.0605,-0.0605,0,0.0605,0.0,0.0
ljqE2OzVQx,XVqKeVKM01,W,303,1,1,0,0.0724,0.1033,-0.0724,2,0,0.1454,-0.1454,0,0.2177,0.0,0.0002
ljqE2r4oQx,"['7vQ7BBzqD1', 'zeQZeazqKw']",GK,12150,0,0,0,0.0,0.0,0.0,2,0,0.1286,-0.1286,0,0.1286,0.0,0.0
ljqE2rB4Qx,"['raMyrr25d2', '4wM4rZdqjB', 'eV5DR6YQKn', '4JMAk47qKg']",ST,7880,121,60,25,19.3588,1.1784,5.6412,90,9,8.8855,0.1145,34,28.2442,14.6093,11.4789
ljqEJe3YQx,kRQa8JOqKZ,AM,1185,20,6,1,2.3552,-0.8019,-1.3552,6,0,0.659,-0.659,1,3.0141,0.5809,2.0756
ljqEJjAAQx,"['XVqKeVKM01', 'kRQa8JOqKZ']",GK,489,0,0,0,0.0,0.0,0.0,0,0,0.0,0.0,0,0.0,0.0,0.0
ljqEjLeoQx,"['zeQZeazqKw', 'kRQaWa15KZ']",FB,2335,39,12,3,4.7751,-1.9014,-1.7751,44,3,3.6377,-0.6377,6,8.4127,0.1673,2.493
ljqEJoXwQx,aDQ0lzvQEv,FB,474,3,0,0,0.1991,-0.1991,-0.1991,2,0,0.5951,-0.5951,0,0.7942,0.0,0.2603
ljqELeEw5x,"['aDQ0lzvQEv', 'eV5DR6YQKn']",W,951,13,4,1,1.2296,0.2183,-0.2296,6,1,0.9916,0.0084,2,2.2212,0.5009,0.8777
ljqELZdo5x,KPqjw8PQ6v,FB,925,5,2,1,0.6314,0.0655,0.3686,4,0,0.1131,-0.1131,1,0.7445,0.6134,0.3813
N6Mm7odPqE,7vQ7BBzqD1,W,7330,316,124,37,29.9411,3.7307,7.0589,212,20,21.5477,-1.5477,57,51.4888,16.1982,17.7078
N6MmeE4xME,zeQZeazqKw,GK,196,0,0,0,0.0,0.0,0.0,0,0,0.0,0.0,0,0.0,0.0,0.0
N6MmeeVPME,"['4JMAk47qKg', 'KPqjw8PQ6v']",FB,4254,22,8,2,0.8668,0.3547,1.1332,31,3,3.0721,-0.0721,5,3.9389,2.4432,0.5782
N6MmekVeME,7vQ7BBzqD1,FB,1488,1,0,0,0.0089,-0.0089,-0.0089,7,0,0.626,-0.626,0,0.6349,0.0,0.0101
N6MmeONPME,kRQaWa15KZ,DM,446,4,1,0,0.1158,0.0462,-0.1158,3,0,0.2484,-0.2484,0,0.3642,0.0,0.076
N6MmepOxME,7VqG1lYMvW,W,719,14,6,2,1.3552,0.5709,0.6448,12,3,2.0153,0.9847,5,3.3705,0.4071,0.6428
N6MmGEeqEG,7VqG1lYMvW,GK,590,0,0,0,0.0,0.0,0.0,0,0,0.0,0.0,0,0.0,0.0,0.0
N6MmodJvqE,eV5DR6YQKn,GK,8845,0,0,0,0.0,0.0,0.0,2,0,0.182,-0.182,0,0.182,0.0,0.0
N6MmogVeqE,"['4wM4rZdqjB', 'Pk5LeeNqOW', 'eV5D2w9QKn']",FB,252,8,2,0,0.4831,-0.3532,-0.4831,2,0,0.0793,-0.0793,0,0.5624,0.0,0.3236
N6MmogzLqE,XVqKeVKM01,W,29,2,0,0,0.362,-0.362,-0.362,0,0,0.0,0.0,0,0.362,0.0,0.3456
N6MmoKJwqE,aDQ0lzvQEv,W,9256,327,146,29,31.4341,-1.5945,-2.4341,170,21,23.0624,-2.0624,50,54.4965,12.2162,18.6848
N6MmoO1wqE,7VqG1lYMvW,W,998,20,8,2,3.6016,0.2938,-1.6016,7,0,0.5446,-0.5446,2,4.1462,1.5021,2.5652
N6MmozmgqE,"['4wM4rZdqjB', 'aDQ0lzvQEv']",CM,3789,81,21,4,6.4978,-1.919,-2.4978,33,3,3.3832,-0.3832,7,9.8809,2.0534,4.9528
NPqxA2zjQ9,kRQa8JOqKZ,FB,2631,39,17,4,2.4856,0.3106,1.5144,12,3,2.0595,0.9405,7,4.5451,1.9909,1.7874
NPqxe0LZQ9,4wM4Ezg5jB,W,27,2,1,0,0.2085,-0.147,-0.2085,0,0,0.0,0.0,0,0.2085,0.0,0.0267
NPqxe7EGQ9,7vQ7BBzqD1,W,25,1,0,0,0.0203,-0.0203,-0.0203,0,0,0.0,0.0,0,0.0203,0.0,0.0406
NPqxeeJYQ9,7vQ7BBzqD1,W,68,2,2,1,0.2067,0.086,0.7933,0,0,0.0,0.0,1,0.2067,1.5903,0.3097
NPqxev0jQ9,315VnJ759x,ST,2256,56,16,8,10.024,-2.5595,-2.024,20,1,2.0483,-1.0483,9,12.0723,4.4504,6.1438
NPqxew6XQ9,aDQ0lzvQEv,W,338,4,2,0,1.1278,-0.3929,-1.1278,4,0,0.3629,-0.3629,0,1.4906,0.0,1.2871
NPqxexKjQ9,eV5D2w9QKn,ST,582,21,9,1,1.8711,-0.5105,-0.8711,9,0,0.6283,-0.6283,1,2.4994,0.0829,0.6973
NPqxmpAkQ9,4JMAk47qKg,ST,917,7,3,2,0.7731,0.9297,1.2269,13,0,1.4706,-1.4706,2,2.2437,0.6284,0.4407
NPqxmxZxQ9,"['eV5D2w9QKn', 'aDQ0lzvQEv', '4wM4rZdqjB', 'kRQaWa15KZ']",GK,8771,0,0,0,0.0,0.0,0.0,2,0,0.0646,-0.0646,0,0.0646,0.0,0.0
NPqxndEmM9,raMyrr25d2,W,280,2,0,0,0.1598,-0.1598,-0.1598,1,0,0.0949,-0.0949,0,0.2547,0.0,0.0585
NPqxo72Y59,4JMAk47qKg,DM,27,1,0,0,0.0117,-0.0117,-0.0117,0,0,0.0,0.0,0,0.0117,0.0,0.0118
NPqxorYY59,KPqjw8PQ6v,W,1300,28,11,3,3.469,-1.1988,-0.469,7,2,1.1064,0.8936,5,4.5754,1.1138,1.1991
NPqxxGogq9,7vQ7BBzqD1,FB,25,0,0,0,0.0,0.0,0.0,0,0,0.0,0.0,0,0.0,0.0,0.0
NPqxxjmkq9,"['eV5DR6YQKn', '7vQ7BBzqD1']",ST,10009,305,116,42,38.4696,1.6928,3.5304,96,6,10.1594,-4.1594,48,48.629,21.3622,22.3264
NPqxxmlGq9,Pk5LeeNqOW,CB,10876,38,12,2,2.8458,0.4354,-0.8458,29,2,2.8028,-0.8028,4,5.6487,0.75,1.4599
NPqxxODWq9,zeQZeazqKw,ST,146,0,0,0,0.0,0.0,0.0,1,0,0.1096,-0.1096,0,0.1096,0.0,0.0
NWMWgJlNMl,aDQ0lzvQEv,DM,3964,29,8,4,3.6232,0.1471,0.3768,33,2,3.4581,-1.4581,6,7.0813,3.2448,2.8224
NWMWgzp7Ml,aDQ0lzvQEv,DM,683,10,2,1,1.0173,-0.5132,-0.0173,8,0,0.322,-0.322,1,1.3393,0.3204,0.3461
NWMWl2jY5l,zeQZeazqKw,CB,13039,54,12,4,5.1636,-1.5386,-1.1636,18,3,2.0829,0.9171,7,7.2465,1.5953,3.4281
NWMWl7lE5l,raMyrr25d2,CM,482,5,3,0,0.2824,-0.0718,-0.2824,8,0,0.2322,-0.2322,0,0.5146,0.0,0.141
NWMWla0E5l,kRQa8JOqKZ,CB,139,0,0,0,0.0,0.0,0.0,0,0,0.0,0.0,0,0.0,0.0,0.0
NWMWLBJe5l,aDQ0lzvQEv,ST,36,0,0,0,0.0,0.0,0.0,0,0,0.0,0.0,0,0.0,0.0,0.0
NWMWlgLE5l,XVqKeVKM01,W,3973,145,53,12,12.2565,-1.2101,-0.2565,74,5,7.0363,-2.0363,17,19.2928,5.3725,7.2711
NWMWlObE5l,4JMAk47qKg,W,64,0,0,0,0.0,0.0,0.0,0,0,0.0,0.0,0,0.0,0.0,0.0
NWMWlOGK5l,"['4wM4rZdqjB', 'XVqKeVKM01', 'eV5D2w9QKn']",GK,606,0,0,0,0.0,0.0,0.0,1,0,0.027,-0.027,0,0.027,0.0,0.0
NWMWly9D5l,zeQZeazqKw,FB,8162,13,3,0,0.7337,-0.5123,-0.7337,70,8,6.2177,1.7823,8,6.9514,0.0,0.5223
NWMWo0RzMl,eV5DR6YQKn,GK,101,0,0,0,0.0,0.0,0.0,0,0,0.0,0.0,0,0.0,0.0,0.0
NWMWo6lEMl,Pk5LeeNqOW,ST,1,0,0,0,0.0,0.0,0.0,0,0,0.0,0.0,0,0.0,0.0,0.0
NWMWoDNzMl,KPqjw8PQ6v,CB,7554,25,7,4,1.9125,0.0974,2.0875,11,2,1.1303,0.8697,6,3.0428,2.8957,0.7433
NWMWoEezMl,eV5DR6YQKn,W,210,3,1,0,0.1922,-0.1523,-0.1922,1,0,0.0249,-0.0249,0,0.2171,0.0,0.05
NWMWV07EQl,4JMAk47qKg,CB,6596,17,3,2,1.2787,0.1231,0.7213,13,0,0.7,-0.7,2,1.9787,0.6502,0.8056
NWMWV0NYQl,"['eV5DR6YQKn', 'XVqKeVKM01', '4JMAk47qKg']",FB,7409,35,9,1,1.3058,0.0415,-0.3058,55,4,4.6792,-0.6792,5,5.985,1.781,0.9234
NWMWV1lEQl,XVqKeVKM01,W,3078,80,27,5,3.5946,-0.0448,1.4054,36,5,3.71,1.29,10,7.3047,1.7027,2.1352
NWMWVEkZQl,4JMAk47qKg,GK,17389,0,0,0,0.0,0.0,0.0,8,1,0.896,0.104,1,0.896,0.0,0.0
NWMWVGveQl,kRQaWa15KZ,FB,773,3,0,0,0.0705,-0.0705,-0.0705,4,0,0.3392,-0.3392,0,0.4097,0.0,0.0665
NWMWVjJjQl,"['Pk5LeeNqOW', '7vQ7BBzqD1', 'raMyrr25d2', 'eV5DR6YQKn']",GK,7035,0,0,0,0.0,0.0,0.0,2,0,0.4747,-0.4747,0,0.4747,0.0,0.0
NWMWVppLQl,7vQ7BBzqD1,GK,95,0,0,0,0.0,0.0,0.0,0,0,0.0,0.0,0,0.0,0.0,0.0
NWMWVXAeQl,"['zeQZeazqKw', 'XVqKeVKM01', '7vQ7BBzqD1', '4wM4rZdqjB']",W,5163,120,40,11,10.6968,1.1138,0.3032,43,3,3.3904,-0.3904,14,14.0872,9.6239,7.1685
NWMWVXpDQl,KPqjw8PQ6v,ST,53,1,0,0,0.1378,-0.1378,-0.1378,1,0,0.1388,-0.1388,0,0.2766,0.0,0.0012
NWMWVy3KQl,"['4JMAk47qKg', 'aDQ0lzvQEv']",FB,657,4,2,1,0.3211,0.6787,0.6789,5,0,0.3428,-0.3428,1,0.664,0.001,0.1104
NWMWXlBY5l,"['zeQZeazqKw', 'eV5D2w9QKn', 'kRQaWa15KZ', '4wM4rZdqjB']",ST,6749,206,92,24,28.8334,0.2793,-4.8334,55,2,4.0913,-2.0913,26,32.9246,10.9468,16.1647
NWMWXoVZ5l,"['aDQ0lzvQEv', '7vQ7BBzqD1']",FB,495,4,1,0,0.2215,-0.1631,-0.2215,4,0,0.521,-0.521,0,0.7426,0.0,0.2828
Oa5wA3WAQ1,raMyrr25d2,ST,607,22,5,2,2.9016,-1.082,-0.9016,5,3,0.5494,2.4506,5,3.451,0.1888,1.8171
Oa5wAbPDQ1,Pk5LeeNqOW,GK,6949,1,1,1,0.3473,0.3131,0.6527,0,0,0.0,0.0,1,0.3473,1.8691,0.6491
Oa5wAmXDQ1,"['4JMAk47qKg', 'Pk5LeeNqOW']",CM,1268,8,2,1,0.7133,0.0797,0.2867,5,0,0.1938,-0.1938,1,0.9072,0.4779,0.3162
Oa5wAPb8Q1,eV5D2w9QKn,CM,1750,20,6,1,2.0368,-0.531,-1.0368,13,2,0.6736,1.3264,3,2.7104,0.7565,1.2142
Oa5wAPB8Q1,7vQ7BBzqD1,ST,175,7,2,0,1.4051,-0.9085,-1.4051,0,0,0.0,0.0,0,1.4051,0.0,0.1494
Oa5wAPbAQ1,4JMAk47qKg,W,4,0,0,0,0.0,0.0,0.0,0,0,0.0,0.0,0,0.0,0.0,0.0
Oa5wAWPBQ1,zeQZeazqKw,DM,5062,40,15,2,4.4289,-0.3642,-2.4289,43,4,3.5356,0.4644,6,7.9645,0.4875,2.4868
Oa5wAZbBQ1,eV5D2w9QKn,CB,1530,13,4,2,0.6867,0.097,1.3133,7,1,0.3938,0.6062,3,1.0805,0.6816,0.3157
Oa5wd4xXq1,7vQ7BBzqD1,DM,81,0,0,0,0.0,0.0,0.0,0,0,0.0,0.0,0,0.0,0.0,0.0
Oa5wdLyBq1,4JMAk47qKg,CM,53,1,0,0,0.0115,-0.0115,-0.0115,0,0,0.0,0.0,0,0.0115,0.0,0.0111
Oa5wdmoWq1,XVqKeVKM01,CB,618,3,0,0,0.3854,-0.3854,-0.3854,1,0,0.037,-0.037,0,0.4224,0.0,0.4
Oa5wdvkXq1,4JMAk47qKg,W,3496,80,24,6,9.2585,-3.9865,-3.2585,24,2,2.934,-0.934,8,12.1924,3.815,7.2189
Oa5wn4BAM1,"['7vQ7BBzqD1', 'kRQaWa15KZ', '4JMAk47qKg']",W,1145,33,15,5,3.1344,0.3614,1.8656,7,1,0.6217,0.3783,6,3.7562,3.6662,2.3775
Oa5wV0JgM1,raMyrr25d2,CM,931,10,2,0,1.1055,-0.861,-1.1055,12,0,0.6912,-0.6912,0,1.7967,0.0,0.9425
Oa5wVjjWM1,Pk5LeeNqOW,W,10,0,0,0,0.0,0.0,0.0,0,0,0.0,0.0,0,0.0,0.0,0.0
Oa5wVmGDM1,"['KPqjw8PQ6v', 'raMyrr25d2']",W,2731,33,10,1,2.2468,-1.1195,-1.2468,13,2,0.9414,1.0586,3,3.1881,0.6459,1.0523
Oa5wVmk9M1,"['4JMAk47qKg', 'Pk5LeeNqOW']",DM,1758,8,1,0,0.9318,-0.1744,-0.9318,19,0,1.5639,-1.5639,0,2.4957,0.0,0.4642
Oa5wVmr9M1,raMyrr25d2,W,1836,25,14,5,3.4879,2.0101,1.5121,26,5,2.9202,2.0798,10,6.4081,2.7685,1.7883
Oa5wVmZgM1,aDQ0lzvQEv,FB,4825,13,2,0,0.4818,-0.2737,-0.4818,44,3,4.3927,-1.3927,3,4.8744,0.0,0.3173
Oa5wVW4AM1,aDQ0lzvQEv,CM,9769,84,28,2,5.0164,1.2462,-3.0164,70,6,6.0045,-0.0045,8,11.0209,0.1446,3.1839
Oa5wVWwBM1,"['zeQZeazqKw', '4JMAk47qKg']",W,504,10,3,0,0.7989,-0.4658,-0.7989,8,2,0.9817,1.0183,2,1.7806,0.0,0.7983
Oa5wVXy8M1,Pk5LeeNqOW,FB,2207,12,2,0,0.2908,-0.2287,-0.2908,26,2,1.8119,0.1881,2,2.1026,0.0,0.2367
Oa5wVYNBM1,"['4JMAk47qKg', '7VqG1lYMvW', 'zeQZeazqKw', 'xW5pwDBMg1', '315VnJ759x']",CB,14018,36,14,7,5.8664,0.4666,1.1336,133,4,6.3102,-2.3102,11,12.1767,2.7952,2.3322
Oa5wVyvDM1,Pk5LeeNqOW,FB,224,0,0,0,0.0,0.0,0.0,1,0,0.0176,-0.0176,0,0.0176,0.0,0.0
Oa5wYddXQ1,"['4JMAk47qKg', '4wM4Ezg5jB']",W,2863,68,16,5,4.9314,-1.6074,0.0686,32,5,3.169,1.831,10,8.1004,2.5076,2.825
Oa5wYkXDQ1,XVqKeVKM01,DM,207,1,0,0,0.0114,-0.0114,-0.0114,2,0,0.1066,-0.1066,0,0.118,0.0,0.0099
odMX7LnxQY,4wM4rZdqjB,W,4049,88,31,7,10.9094,-2.8186,-3.9094,51,5,6.3074,-1.3074,12,17.2168,3.4169,5.9882
odMX7nbxQY,"['eV5DR6YQKn', '7vQ7BBzqD1']",CB,4187,6,2,0,0.1595,-0.0643,-0.1595,8,0,0.5781,-0.5781,0,0.7376,0.0,0.157
odMX7PBGQY,Pk5LeeNqOW,ST,1385,39,15,3,4.835,-0.4648,-1.835,12,1,1.1738,-0.1738,4,6.0088,1.3056,2.9507
odMX7rK2QY,XVqKeVKM01,W,240,1,0,0,0.2374,-0.2374,-0.2374,2,0,0.1511,-0.1511,0,0.3885,0.0,0.4558
odMX7XNGQY,7VqG1lYMvW,DM,1301,6,2,2,0.4028,0.5648,1.5972,4,0,0.3661,-0.3661,2,0.7689,0.8969,0.3323
odMX7YDxQY,XVqKeVKM01,CB,2080,7,1,0,0.3424,0.1542,-0.3424,11,2,1.1059,0.8941,2,1.4483,0.0,0.2858
odMX7YOJQY,315VnJ759x,FB,1289,4,1,0,0.1697,-0.0634,-0.1697,10,2,0.8485,1.1515,2,1.0181,0.0,0.0801
odMX8EJoMY,Pk5LeeNqOW,ST,14803,360,149,60,45.9328,5.8319,14.0672,229,12,21.5352,-9.5352,72,67.4681,21.3898,24.1839
odMX8ElWMY,4wM4rZdqjB,ST,988,30,10,5,2.6145,0.4876,2.3856,31,2,3.7914,-1.7914,7,6.4058,1.6975,1.0509
odMX8w7GMY,"['7vQ7BBzqD1', 'XVqKeVKM01', '7VqG1lYMvW']",ST,6107,132,71,19,23.4052,1.8835,-4.4052,65,5,6.3677,-1.3677,24,29.7729,8.8085,15.2
odMXEOJx5Y,7VqG1lYMvW,W,17,0,0,0,0.0,0.0,0.0,0,0,0.0,0.0,0,0.0,0.0,0.0
odMXGp9oQY,eV5D2w9QKn,FB,1292,5,2,1,0.2804,0.1346,0.7196,10,0,0.5155,-0.5155,1,0.7959,0.9276,0.0938
odMXGw2oQY,eV5DR6YQKn,W,2277,48,17,2,3.6717,-0.3139,-1.6717,32,2,2.755,-0.755,4,6.4266,0.6043,2.2341
odMXR1wrqY,"['eV5D2w9QKn', 'raMyrr25d2']",W,4177,41,7,1,2.0086,-0.5739,-1.0086,71,9,7.0799,1.9201,10,9.0885,0.4554,1.127
odMXRA4aqY,"['Pk5LeeNqOW', 'raMyrr25d2', 'kRQa8JOqKZ']",CM,13034,225,74,17,16.9941,2.4298,0.0059,116,7,8.9204,-1.9204,24,25.9145,7.2998,10.6229
odMXRl80qY,eV5DR6YQKn,W,1688,41,14,6,7.1746,-1.7642,-1.1746,16,0,1.3975,-1.3975,6,8.5721,2.5685,4.8073
odMXRX2eqY,"['aDQ0lzvQEv', 'kRQaWa15KZ', '4wM4Ezg5jB']",W,982,6,2,0,0.3749,0.3209,-0.3749,14,1,1.8272,-0.8272,1,2.2021,0.0,0.2286
odMXRX7WqY,4wM4Ezg5jB,W,693,19,6,0,1.2664,0.1307,-1.2664,7,1,0.2378,0.7622,1,1.5042,0.0,0.8065
odMXRZOaqY,"['XVqKeVKM01', '4JMAk47qKg', '7vQ7BBzqD1', 'aDQ0lzvQEv']",CM,7089,91,25,6,5.243,-1.0651,0.757,119,14,10.7208,3.2792,20,15.9638,3.0455,3.3299
OlMl96b45L,"['4JMAk47qKg', 'kRQa8JOqKZ', 'xW5pwDBMg1', 'raMyrr25d2', 'zeQZeazqKw']",FB,5913,35,10,4,2.839,-0.5306,1.161,51,4,4.6128,-0.6128,8,7.4518,2.4184,2.7171
OlMl96P45L,kRQaWa15KZ,FB,479,0,0,0,0.0,0.0,0.0,2,0,0.0339,-0.0339,0,0.0339,0.0,0.0
OlMl9Ek45L,7VqG1lYMvW,CB,1163,5,1,1,0.4036,0.2509,0.5964,1,0,0.0246,-0.0246,1,0.4282,0.8052,0.2508
OlMl9jrP5L,7vQ7BBzqD1,FB,607,3,2,0,0.063,-0.031,-0.063,1,0,0.0165,-0.0165,0,0.0794,0.0,0.0509
OlMl9l845L,raMyrr25d2,CB,4663,26,5,0,1.5532,-0.1428,-1.5532,5,0,0.2123,-0.2123,0,1.7656,0.0,0.8967
OlMl9oz45L,"['Pk5LeeNqOW', '4wM4rZdqjB']",GK,14457,0,0,0,0.0,0.0,0.0,3,0,0.1942,-0.1942,0,0.1942,0.0,0.0
OlMl9P7A5L,"['XVqKeVKM01', '7vQ7BBzqD1']",FB,4519,30,8,4,1.3824,0.8564,2.6176,22,2,2.0756,-0.0756,6,3.4579,1.9772,0.8969
OlMl9r1y5L,KPqjw8PQ6v,FB,686,8,4,1,1.5817,-0.1368,-0.5817,5,1,0.7215,0.2785,2,2.3031,0.5147,0.5728
OlMl9rz45L,aDQ0lzvQEv,CB,5140,11,4,1,0.2866,0.1102,0.7134,18,2,1.0474,0.9526,3,1.334,1.4511,0.2526
OlMl9V9D5L,"['xW5pwDBMg1', 'raMyrr25d2', '4wM4rZdqjB', 'zeQZeazqKw']",ST,15017,719,280,76,83.9507,-3.3379,-7.9507,227,29,26.1497,2.8503,105,110.1004,25.4998,42.2041
OlMl9y7y5L,7vQ7BBzqD1,DM,1436,23,6,2,1.0005,1.1478,0.9995,14,3,1.3739,1.6261,5,2.3744,1.3599,0.5665
OlMlBBJRqL,Pk5LeeNqOW,FB,16,1,1,0,0.0649,-0.0272,-0.0649,0,0,0.0,0.0,0,0.0649,0.0,0.0629
OlMlBWxRqL,4JMAk47qKg,FB,2451,28,5,1,1.8717,-0.8844,-0.8717,11,2,0.8913,1.1087,3,2.7629,0.8096,0.9237
OlMleGDw5L,7VqG1lYMvW,GK,142,0,0,0,0.0,0.0,0.0,0,0,0.0,0.0,0,0.0,0.0,0.0
OlMleJEN5L,eV5D2w9QKn,CM,251,6,2,0,0.1067,-0.0491,-0.1067,1,0,0.0947,-0.0947,0,0.2014,0.0,0.0566
OlMlenlA5L,XVqKeVKM01,CB,200,1,1,1,0.4054,0.2424,0.5946,0,0,0.0,0.0,1,0.4054,0.6278,0.2545
OlMlgPKwQL,zeQZeazqKw,DM,41,0,0,0,0.0,0.0,0.0,2,1,0.3732,0.6268,1,0.3732,0.0,0.0
OlMlr8kPqL,Pk5LeeNqOW,DM,3653,41,15,6,3.0593,0.9155,2.9407,18,1,1.759,-0.759,7,4.8183,4.0418,1.9201
OlMlrBARqL,"['eV5D2w9QKn', 'aDQ0lzvQEv']",W,2660,32,17,7,3.81,1.1701,3.19,35,1,3.1581,-2.1581,8,6.9681,2.6003,1.4723
OlMlrBb0qL,zeQZeazqKw,AM,80,1,1,0,0.0317,0.0193,-0.0317,0,0,0.0,0.0,0,0.0317,0.0,0.0222
p6qbegX350,"['xW5pwDBMg1', 'zeQZeazqKw', 'eV5DR6YQKn']",CB,19736,142,45,12,11.3246,-0.6065,0.6754,42,5,3.5981,1.4019,17,14.9227,5.762,7.0635
p6qbgVxaQ0,4wM4rZdqjB,W,206,1,1,1,0.0505,0.4814,0.9495,1,0,0.0208,-0.0208,1,0.0713,0.0017,0.0001
p6qbo708Q0,raMyrr25d2,DM,2410,24,7,0,0.8977,0.5799,-0.8977,9,1,0.5895,0.4105,1,1.4872,0.0,0.641
p6qboBNbQ0,KPqjw8PQ6v,DM,1145,11,2,1,0.7812,-0.2083,0.2188,4,1,0.4042,0.5958,2,1.1853,0.0593,0.4073
p6qboEVwQ0,kRQa8JOqKZ,W,3939,82,28,9,8.4145,-2.4604,0.5855,49,9,6.969,2.031,18,15.3834,5.1234,5.7952
p6qbolY6Q0,aDQ0lzvQEv,W,67,0,0,0,0.0,0.0,0.0,1,0,0.0251,-0.0251,0,0.0251,0.0,0.0
p6qbOmZBQ0,"['4JMAk47qKg', '7VqG1lYMvW']",CM,3013,23,11,3,2.1587,0.4172,0.8413,22,1,1.5849,-0.5849,4,3.7436,0.7866,0.8509
p6qbooA6Q0,7vQ7BBzqD1,GK,3081,0,0,0,0.0,0.0,0.0,0,0,0.0,0.0,0,0.0,0.0,0.0
p6qbOp1XQ0,aDQ0lzvQEv,CB,722,5,1,0,0.473,0.2765,-0.473,2,0,0.2144,-0.2144,0,0.6875,0.0,0.3513
p6qbOp4wQ0,aDQ0lzvQEv,GK,357,0,0,0,0.0,0.0,0.0,0,0,0.0,0.0,0,0.0,0.0,0.0
p6qboPe4Q0,aDQ0lzvQEv,CB,8021,119,36,7,10.7298,-3.0496,-3.7298,35,3,2.4492,0.5508,10,13.179,2.7747,6.7132
p6qbOPR3Q0,kRQa8JOqKZ,W,415,5,2,0,0.4303,-0.3264,-0.4303,5,0,0.2683,-0.2683,0,0.6986,0.0,0.2707
p6qbOPx8Q0,7vQ7BBzqD1,W,6442,123,43,10,11.8865,0.5603,-1.8865,47,4,3.4425,0.5575,14,15.329,4.0614,7.6239
p6qboRkaQ0,"['4JMAk47qKg', 'zeQZeazqKw']",ST,5591,146,56,21,21.9772,-1.6742,-0.9772,45,1,3.248,-2.248,22,25.2252,11.2365,13.1075
p6qbOv36Q0,KPqjw8PQ6v,W,68,0,0,0,0.0,0.0,0.0,0,0,0.0,0.0,0,0.0,0.0,0.0
p6qbovG4Q0,7VqG1lYMvW,W,18,0,0,0,0.0,0.0,0.0,0,0,0.0,0.0,0,0.0,0.0,0.0
p6qbOvZXQ0,"['4JMAk47qKg', 'XVqKeVKM01']",ST,1388,36,17,4,5.5758,-0.3252,-1.5758,16,2,1.2798,0.7202,6,6.8556,1.38,2.7903
p6qbOWW4Q0,zeQZeazqKw,ST,1001,7,2,1,0.5032,-0.0569,0.4968,13,1,1.8288,-0.8288,2,2.332,0.4147,0.3951
p6qboZk4Q0,"['raMyrr25d2', 'Pk5LeeNqOW']",W,7079,153,44,11,14.7219,-4.844,-3.7219,123,11,9.4533,1.5467,22,24.1752,4.8031,7.5828
p6qbRV43q0,"['4JMAk47qKg', 'Pk5LeeNqOW', 'eV5D2w9QKn']",FB,310,1,0,0,0.0314,-0.0314,-0.0314,1,0,0.0311,-0.0311,0,0.0625,0.0,0.0142
Pk5L1ADOqO,"['KPqjw8PQ6v', '4wM4Ezg5jB']",CM,1178,13,3,1,1.9591,-0.9004,-0.9591,8,0,0.3834,-0.3834,1,2.3425,0.9745,1.4245
Pk5L1JwDqO,"['4wM4Ezg5jB', 'zeQZeazqKw', '4wM4rZdqjB', 'aDQ0lzvQEv', 'kRQaWa15KZ', 'eV5D2w9QKn']",W,5339,104,38,12,10.2676,1.1743,1.7324,34,3,3.3078,-0.3078,15,13.5754,5.6147,5.8914
Pk5L6maZQO,7vQ7BBzqD1,GK,4609,0,0,0,0.0,0.0,0.0,0,0,0.0,0.0,0,0.0,0.0,0.0
Pk5Le0DGqO,eV5D2w9QKn,DM,761,5,1,0,0.1287,0.0298,-0.1287,3,0,0.3189,-0.3189,0,0.4476,0.0,0.1078
Pk5Lep9DqO,"['eV5D2w9QKn', '4wM4rZdqjB']",FB,1197,3,1,0,0.0958,-0.0708,-0.0958,4,1,0.2351,0.7649,1,0.3309,0.0,0.0841
Pk5Lg0ZEMO,aDQ0lzvQEv,CB,696,1,0,0,0.0098,-0.0098,-0.0098,2,0,0.104,-0.104,0,0.1138,0.0,0.0157
Pk5Lg1NZMO,"['4JMAk47qKg', 'XVqKeVKM01', '4wM4Ezg5jB', '7vQ7BBzqD1', 'aDQ0lzvQEv']",CB,14659,22,8,2,1.9102,0.8666,0.0898,38,4,2.4579,1.5421,6,4.3681,0.967,1.183
Pk5Lg2KOMO,KPqjw8PQ6v,DM,2893,22,3,1,1.1817,0.0534,-0.1817,30,5,2.6914,2.3086,6,3.8731,0.5667,0.6757
Pk5LgdgYMO,"['xW5pwDBMg1', 'zeQZeazqKw']",FB,10343,58,19,4,6.4226,-1.64,-2.4226,164,18,16.3914,1.6086,22,22.814,2.994,4.7355
Pk5LggaNMO,eV5D2w9QKn,DM,527,3,1,1,0.0595,0.4452,0.9405,3,0,0.5146,-0.5146,1,0.5741,0.5786,0.0527
Pk5LgPYEMO,raMyrr25d2,CM,55,1,1,0,0.0495,0.1638,-0.0495,0,0,0.0,0.0,0,0.0495,0.0,0.0447
Pk5Lz80GQO,7vQ7BBzqD1,AM,20,1,1,0,0.0828,0.5268,-0.0828,0,0,0.0,0.0,0,0.0828,0.0,0.0275
Pk5LzW9EQO,eV5D2w9QKn,W,1140,16,8,0,0.7008,0.1858,-0.7008,11,0,1.6641,-1.6641,0,2.3649,0.0,0.7363
raMyA2pJMd,"['4JMAk47qKg', 'Pk5LeeNqOW']",CM,4472,82,27,4,3.7907,-1.1466,0.2093,91,4,7.0148,-3.0148,8,10.8055,1.8225,2.8926
raMyAD22Md,raMyrr25d2,FB,5055,75,25,6,6.578,-1.304,-0.578,65,5,6.6216,-1.6216,11,13.1997,3.58,3.7184
raMyADblMd,kRQaWa15KZ,W,361,6,1,0,0.5482,-0.2195,-0.5482,5,2,1.1261,0.8739,2,1.6743,0.0,0.1448
raMyADzlMd,"['aDQ0lzvQEv', 'raMyrr25d2']",CB,10896,29,9,2,2.151,-0.5609,-0.151,15,1,1.1254,-0.1254,3,3.2764,1.4135,1.5207
raMyAGadMd,7vQ7BBzqD1,W,15,0,0,0,0.0,0.0,0.0,0,0,0.0,0.0,0,0.0,0.0,0.0
raMyAWkkMd,7VqG1lYMvW,W,512,16,4,0,0.6948,-0.3947,-0.6948,8,2,1.4186,0.5814,2,2.1133,0.0,0.5722
raMyAZpRMd,"['4wM4rZdqjB', 'zeQZeazqKw', 'xW5pwDBMg1']",DM,7599,227,71,22,18.8267,1.4985,3.1733,116,12,13.9631,-1.9631,34,32.7898,6.0825,9.3482
raMye1zOMd,aDQ0lzvQEv,ST,384,4,0,0,0.7108,-0.7108,-0.7108,3,1,0.5895,0.4105,1,1.3003,0.0,0.5831
raMyeDeRMd,zeQZeazqKw,W,521,7,2,1,1.0603,-0.0897,-0.0603,3,0,0.2596,-0.2596,1,1.3199,0.5038,0.3979
raMyeZEOMd,KPqjw8PQ6v,W,35,1,1,0,0.1992,0.1585,-0.1992,0,0,0.0,0.0,0,0.1992,0.0,0.3229
raMyodEBqd,7VqG1lYMvW,FB,146,0,0,0,0.0,0.0,0.0,0,0,0.0,0.0,0,0.0,0.0,0.0
raMyr3GJ5d,"['XVqKeVKM01', '4JMAk47qKg']",W,246,3,0,0,0.1042,-0.1042,-0.1042,2,0,0.1555,-0.1555,0,0.2597,0.0,0.1035
raMyZeL25d,7vQ7BBzqD1,GK,1938,0,0,0,0.0,0.0,0.0,1,0,0.14,-0.14,0,0.14,0.0,0.0
raMyZezO5d,XVqKeVKM01,CB,1453,15,5,1,1.2001,0.0415,-0.2001,2,0,0.0739,-0.0739,1,1.274,0.4984,0.764
Vj58B3XJQ8,Pk5LeeNqOW,CB,26,0,0,0,0.0,0.0,0.0,0,0,0.0,0.0,0,0.0,0.0,0.0
Vj58B42DQ8,"['zeQZeazqKw', 'raMyrr25d2', '4wM4Ezg5jB', 'xW5pwDBMg1']",CM,14144,134,41,12,10.8839,-0.6803,1.1161,116,5,7.7846,-2.7846,17,18.6685,6.3849,6.5543
Vj58B4dDQ8,kRQaWa15KZ,AM,1081,16,4,2,1.5641,0.2119,0.4359,14,0,1.3123,-1.3123,2,2.8765,1.1255,1.0203
Vj58B4pmQ8,zeQZeazqKw,W,1303,32,17,4,4.6074,0.6792,-0.6074,11,6,2.8748,3.1252,10,7.4821,2.2608,2.2161
Vj58BBkmQ8,4wM4Ezg5jB,W,112,1,0,0,0.0326,-0.0326,-0.0326,2,0,0.296,-0.296,0,0.3285,0.0,0.0005
Vj58Bn3DQ8,aDQ0lzvQEv,FB,700,4,2,1,0.7168,0.1233,0.2832,6,0,0.254,-0.254,1,0.9708,0.5483,0.5372
Vj58BZALQ8,raMyrr25d2,FB,1384,7,0,0,0.1913,-0.1913,-0.1913,22,0,2.1132,-2.1132,0,2.3045,0.0,0.1334
Vj58l97r58,eV5D2w9QKn,CB,1025,2,0,0,0.0814,-0.0814,-0.0814,1,0,0.1725,-0.1725,0,0.2539,0.0,0.0676
Vj58l99L58,eV5DR6YQKn,CB,18,0,0,0,0.0,0.0,0.0,0,0,0.0,0.0,0,0.0,0.0,0.0
Vj58lRaD58,4wM4rZdqjB,DM,2086,37,10,0,2.6193,-1.5977,-2.6193,13,1,1.1807,-0.1807,1,3.8,0.0,2.1015
Vj58Ww6EM8,"['XVqKeVKM01', '4wM4rZdqjB']",DM,3136,10,6,0,0.2219,0.0265,-0.2219,12,1,0.9219,0.0781,1,1.1438,0.0,0.1219
Vj58Yd3rq8,zeQZeazqKw,CB,705,0,0,0,0.0,0.0,0.0,0,0,0.0,0.0,0,0.0,0.0,0.0
vzqo77B7qa,raMyrr25d2,CM,495,6,1,0,0.3579,-0.2916,-0.3579,2,0,0.088,-0.088,0,0.4459,0.0,0.2973
vzqo77Wvqa,"['4wM4rZdqjB', 'aDQ0lzvQEv']",CM,1197,18,5,1,1.6114,-0.0876,-0.6114,16,0,1.2819,-1.2819,1,2.8933,0.231,0.7058
vzqo79YBqa,"['XVqKeVKM01', '4JMAk47qKg']",W,5216,113,34,13,11.1501,-1.488,1.8499,74,7,9.3532,-2.3532,20,20.5032,5.2753,6.262
vzqo7AR7qa,"['kRQaWa15KZ', 'raMyrr25d2']",FB,3801,14,2,1,0.4578,0.2626,0.5422,22,3,1.5667,1.4333,4,2.0245,0.2263,0.2816
vzqo7EeNqa,7vQ7BBzqD1,GK,1305,0,0,0,0.0,0.0,0.0,0,0,0.0,0.0,0,0.0,0.0,0.0
vzqo7EgYqa,"['7vQ7BBzqD1', '4JMAk47qKg']",DM,407,2,0,0,0.1421,-0.1421,-0.1421,2,0,0.1034,-0.1034,0,0.2454,0.0,0.0233
vzqo7eL7qa,XVqKeVKM01,CB,4532,15,5,0,0.7815,0.2261,-0.7815,6,0,0.2503,-0.2503,0,1.0318,0.0,0.6339
vzqo7EvNqa,XVqKeVKM01,W,509,5,2,1,0.7955,-0.3065,0.2045,5,2,0.6642,1.3358,3,1.4597,0.1653,0.7211
vzqo7gGZqa,"['eV5DR6YQKn', '7VqG1lYMvW', 'eV5D2w9QKn', 'raMyrr25d2']",CB,8463,17,3,2,2.1421,-0.6669,-0.1421,11,2,0.4633,1.5367,4,2.6054,1.6636,2.0823
vzqo7mKvqa,"['raMyrr25d2', '4wM4rZdqjB', 'XVqKeVKM01']",FB,12580,77,29,11,5.0734,3.3935,5.9266,83,4,5.3842,-1.3842,15,10.4576,5.3591,3.0158
vzqo7obNqa,raMyrr25d2,FB,8947,11,6,2,1.5522,0.6341,0.4478,17,0,0.9682,-0.9682,2,2.5203,0.4161,0.6971
vzqo7ozZqa,"['zeQZeazqKw', '4JMAk47qKg', 'aDQ0lzvQEv']",FB,1448,15,4,0,0.6891,-0.5142,-0.6891,12,2,0.8928,1.1072,2,1.5819,0.0,0.5018
vzqo7r17qa,"['raMyrr25d2', 'KPqjw8PQ6v']",DM,11817,82,29,14,13.8159,0.3103,0.1841,127,9,9.3495,-0.3495,23,23.1654,10.1766,8.8661
vzqodLvBQa,KPqjw8PQ6v,ST,2045,26,12,9,5.0049,0.1786,3.9951,18,1,2.4036,-1.4036,10,7.4085,5.0267,2.5444
vzqodp0kQa,KPqjw8PQ6v,CM,52,0,0,0,0.0,0.0,0.0,0,0,0.0,0.0,0,0.0,0.0,0.0
vzqodp0ZQa,"['Pk5LeeNqOW', 'aDQ0lzvQEv']",CM,1085,9,3,1,0.5593,-0.0545,0.4407,4,1,0.3062,0.6938,2,0.8655,0.0742,0.4981
vzqodxdNQa,zeQZeazqKw,W,33,3,1,1,0.4093,0.417,0.5907,0,0,0.0,0.0,1,0.4093,1.4151,0.4877
vzqodxkjQa,"['aDQ0lzvQEv', '315VnJ759x']",FB,9864,81,23,2,6.1945,-2.1441,-4.1945,78,5,7.3063,-2.3063,7,13.5008,0.6579,4.6245
vzqoGXx7qa,raMyrr25d2,W,2479,37,12,5,2.9597,0.315,2.0403,15,2,0.7764,1.2236,7,3.7361,3.9235,2.136
vzqoGXxZqa,zeQZeazqKw,ST,341,16,5,2,2.1651,-1.1886,-0.1651,8,1,0.9783,0.0217,3,3.1434,1.0066,2.1237
vzqoJ2EJ5a,aDQ0lzvQEv,W,810,30,14,0,3.5627,-0.7869,-3.5627,14,2,2.8722,-0.8722,2,6.4349,0.0,1.4947
vzqoJE2B5a,KPqjw8PQ6v,CM,888,8,1,1,0.8417,-0.5381,0.1583,9,1,0.9177,0.0823,2,1.7594,0.0939,0.2667
vzqoJKnv5a,"['XVqKeVKM01', 'eV5D2w9QKn']",DM,4012,54,12,4,3.9084,-0.032,0.0916,29,1,1.9008,-0.9008,5,5.8091,2.2858,2.2527
vzqoJRLZ5a,kRQa8JOqKZ,CB,5966,25,4,0,1.9752,-1.1521,-1.9752,13,1,1.5154,-0.5154,1,3.4906,0.0,1.7045
vzqoJxXJ5a,"['KPqjw8PQ6v', '4wM4rZdqjB']",AM,1635,23,8,1,2.1162,0.1413,-1.1162,15,0,1.0671,-1.0671,1,3.1834,1.5573,1.8307
vzqoJZgJ5a,4wM4rZdqjB,ST,11,1,0,0,0.3273,-0.3273,-0.3273,0,0,0.0,0.0,0,0.3273,0.0,0.3159
wvq9ebvmqW,raMyrr25d2,FB,212,0,0,0,0.0,0.0,0.0,3,1,0.2096,0.7904,1,0.2096,0.0,0.0
wvq9edaZqW,"['4JMAk47qKg', 'raMyrr25d2']",ST,690,19,6,1,1.7354,-0.1007,-0.7354,7,0,0.4712,-0.4712,1,2.2066,1.502,1.0536
wvq9edeNqW,"['4wM4rZdqjB', 'Pk5LeeNqOW', 'eV5D2w9QKn']",CB,9280,29,8,2,2.1748,1.4188,-0.1748,30,3,2.579,0.421,5,4.7538,0.8266,1.3447
wvq9eDr7qW,"['7vQ7BBzqD1', 'eV5DR6YQKn', 'zeQZeazqKw']",FB,826,0,0,0,0.0,0.0,0.0,4,0,0.1806,-0.1806,0,0.1806,0.0,0.0
wvq9g8gBMW,raMyrr25d2,CM,1257,24,7,1,1.4176,0.1969,-0.4176,23,4,2.2807,1.7193,5,3.6982,0.8595,1.1566
wvq9gBJ7MW,"['zeQZeazqKw', 'eV5DR6YQKn', 'xW5pwDBMg1']",ST,11127,347,134,40,40.9913,-1.0562,-0.9913,179,32,24.417,7.583,72,65.4083,13.0314,20.9586
wvq9ggjBMW,4JMAk47qKg,CB,2551,22,4,0,0.9818,0.3235,-0.9818,8,1,0.7782,0.2218,1,1.76,0.0,0.6744
wvq9gKE7MW,"['kRQa8JOqKZ', 'zeQZeazqKw', '7vQ7BBzqD1']",FB,12060,107,39,8,6.5876,0.4683,1.4124,125,13,12.499,0.501,21,19.0867,3.2102,4.5553
wvq9gl37MW,7vQ7BBzqD1,DM,381,2,0,0,0.0698,-0.0698,-0.0698,1,0,0.0141,-0.0141,0,0.0838,0.0,0.062
wvq9gN17MW,"['raMyrr25d2', '4JMAk47qKg', 'eV5D2w9QKn', '4wM4Ezg5jB', 'aDQ0lzvQEv']",ST,7266,157,71,16,18.3012,1.3592,-2.3012,94,4,6.2831,-2.2831,20,24.5843,6.9509,10.0805
wvq9goBNMW,aDQ0lzvQEv,ST,349,10,4,0,0.6164,-0.4164,-0.6164,2,0,0.3243,-0.3243,0,0.9407,0.0,0.4962
wvq9gol1MW,"['eV5DR6YQKn', 'raMyrr25d2']",CB,3254,4,0,0,0.1465,-0.1465,-0.1465,7,2,0.4248,1.5752,2,0.5714,0.0,0.036
wvq9gZ8YMW,7vQ7BBzqD1,FB,2374,13,2,0,0.6319,0.1529,-0.6319,5,0,0.3161,-0.3161,0,0.948,0.0,0.3901
wvq9gZdNMW,4JMAk47qKg,CM,538,8,2,0,0.7017,-0.6606,-0.7017,4,0,0.306,-0.306,0,1.0077,0.0,0.439
wvq9gZYNMW,"['raMyrr25d2', 'eV5DR6YQKn', '4JMAk47qKg']",FB,4612,1,0,0,0.0334,-0.0334,-0.0334,19,3,1.7781,1.2219,3,1.8115,0.0,0.0178
wvq9jJ31QW,4wM4rZdqjB,CB,3669,15,4,1,0.9296,-0.1952,0.0704,3,0,0.8881,-0.8881,1,1.8176,0.3327,0.5539
wvq9p8815W,"['eV5D2w9QKn', 'kRQa8JOqKZ', 'KPqjw8PQ6v']",ST,7581,336,151,35,34.9003,2.9295,0.0997,97,9,8.4107,0.5893,44,43.311,20.7921,21.7835
wvq9penZ5W,7vQ7BBzqD1,ST,1580,21,10,0,1.0375,0.1492,-1.0375,51,3,3.7741,-0.7741,3,4.8116,0.0,0.5116
wvq9X6dN5W,4JMAk47qKg,W,694,6,2,0,0.3566,-0.0997,-0.3566,0,0,0.0,0.0,0,0.3566,0.0,0.2664
Xj5Y4XlAMb,4wM4rZdqjB,CM,10,0,0,0,0.0,0.0,0.0,0,0,0.0,0.0,0,0.0,0.0,0.0
Xj5Y607aqb,"['aDQ0lzvQEv', '4JMAk47qKg']",CB,5392,23,6,1,1.4452,1.1236,-0.4452,19,5,1.9652,3.0348,6,3.4104,0.4853,0.7756
Xj5Y60lRqb,"['zeQZeazqKw', '4wM4rZdqjB']",FB,8118,124,43,9,7.3162,1.819,1.6838,98,12,10.9301,1.0699,21,18.2462,4.7701,4.4551
Xj5Y62Dyqb,Pk5LeeNqOW,FB,206,1,1,1,0.5098,0.1423,0.4902,1,0,0.0658,-0.0658,1,0.5756,0.9125,0.4652
Xj5Y66Eaqb,"['raMyrr25d2', 'Pk5LeeNqOW', '7vQ7BBzqD1', 'eV5D2w9QKn', '4wM4Ezg5jB']",ST,7633,172,64,17,22.7171,-4.7748,-5.7171,73,12,9.5628,2.4372,29,32.2799,12.5769,14.9238
Xj5Y6jEwqb,7vQ7BBzqD1,DM,1868,13,4,1,0.7157,0.1342,0.2843,12,1,0.7673,0.2327,2,1.483,0.0382,0.4175
Xj5Y6mWlqb,KPqjw8PQ6v,W,5631,70,27,7,6.2212,1.5451,0.7788,45,4,3.496,0.504,11,9.7172,3.7238,3.593
Xj5Y6PPaqb,"['KPqjw8PQ6v', 'raMyrr25d2']",CB,7954,17,5,2,0.8414,0.2034,1.1586,35,1,2.4683,-1.4683,3,3.3097,0.9754,0.4294
Xj5Y87kyMb,4JMAk47qKg,AM,1764,30,11,2,4.5475,-2.169,-2.5475,21,1,1.7881,-0.7881,3,6.3356,0.8343,3.2333
Xj5Y97805b,zeQZeazqKw,ST,468,6,2,1,0.3654,0.6815,0.6346,6,1,0.494,0.506,2,0.8594,0.0,0.1404
Xj5Y9E3l5b,XVqKeVKM01,DM,538,1,0,0,0.0118,-0.0118,-0.0118,6,0,0.3637,-0.3637,0,0.3754,0.0,0.0081
Xj5Y9EPy5b,7vQ7BBzqD1,GK,136,0,0,0,0.0,0.0,0.0,0,0,0.0,0.0,0,0.0,0.0,0.0
Xj5Y9oOw5b,"['eV5D2w9QKn', 'eV5DR6YQKn', 'zeQZeazqKw', '4wM4rZdqjB']",CB,3420,4,1,0,0.502,0.1962,-0.502,7,0,0.5501,-0.5501,0,1.052,0.0,0.2459
Xj5Y9zKX5b,"['7vQ7BBzqD1', '4wM4rZdqjB']",CB,9303,23,5,1,1.7827,-0.7339,-0.7827,22,2,3.4377,-1.4377,3,5.2205,0.1316,1.4856
XVqK2j1K50,XVqKeVKM01,W,575,4,1,0,0.3353,-0.298,-0.3353,5,2,0.3411,1.6589,2,0.6764,0.0,0.2733
XVqKeJGwM0,315VnJ759x,CM,1289,30,11,2,2.1837,0.9065,-0.1837,26,1,1.4436,-0.4436,3,3.6273,1.5132,1.5398
XVqKeK6KM0,aDQ0lzvQEv,W,154,7,3,0,0.9903,-0.115,-0.9903,2,0,0.1147,-0.1147,0,1.105,0.0,1.0393
XVqKelEwM0,"['KPqjw8PQ6v', 'eV5DR6YQKn']",FB,2478,7,1,0,0.3658,0.1037,-0.3658,15,2,1.9154,0.0846,2,2.2812,0.0,0.223
XVqKezYwM0,"['4wM4rZdqjB', 'KPqjw8PQ6v', '315VnJ759x']",CB,6076,41,14,3,4.5113,-0.3242,-1.5113,12,0,1.1623,-1.1623,3,5.6735,2.6288,3.4793
XVqKL7paQ0,315VnJ759x,DM,182,0,0,0,0.0,0.0,0.0,1,0,0.0436,-0.0436,0,0.0436,0.0,0.0
XVqKW9Zwq0,eV5DR6YQKn,W,1407,18,8,2,2.051,0.1397,-0.051,8,0,0.4018,-0.4018,2,2.4528,1.3359,1.7428
XVqKWbOKq0,"['raMyrr25d2', '4wM4Ezg5jB', 'kRQaWa15KZ']",FB,2497,7,2,0,0.1703,-0.0767,-0.1703,12,1,1.1612,-0.1612,1,1.3315,0.0,0.1877
XVqKWLrWq0,"['4wM4Ezg5jB', 'raMyrr25d2', 'Pk5LeeNqOW']",W,10762,243,76,30,30.3587,-5.1828,-0.3587,113,14,12.2504,1.7496,44,42.6092,11.6971,17.0105
XVqKWmlOq0,XVqKeVKM01,DM,2857,12,0,0,0.5051,-0.5051,-0.5051,17,1,0.7753,0.2247,1,1.2804,0.0,0.3612
XVqKWp8aq0,"['XVqKeVKM01', 'zeQZeazqKw']",ST,797,19,8,2,3.0991,-1.179,-1.0991,5,1,0.3941,0.6059,3,3.4931,2.8756,3.2527
XVqKWPkOq0,aDQ0lzvQEv,AM,886,17,5,2,1.7914,0.8531,0.2086,22,1,1.3263,-0.3263,3,3.1177,0.0878,0.8926
XVqKWVlWq0,"['4JMAk47qKg', 'aDQ0lzvQEv', 'XVqKeVKM01']",W,2438,27,5,0,1.8314,-1.4976,-1.8314,16,2,1.5178,0.4822,2,3.3492,0.0,1.2765
XVqKWw80q0,"['eV5DR6YQKn', '4JMAk47qKg']",DM,1954,18,3,1,0.5399,-0.1825,0.4601,20,1,1.803,-0.803,2,2.343,0.2395,0.2854
XVqKYmW0M0,"['Pk5LeeNqOW', '4wM4Ezg5jB', '7vQ7BBzqD1', 'raMyrr25d2', 'xW5pwDBMg1']",W,2719,66,20,6,7.8126,-1.0058,-1.8126,38,6,3.8727,2.1273,12,11.6853,4.1734,5.4299
xW5pr7ZRQg,"['7VqG1lYMvW', 'XVqKeVKM01', '315VnJ759x', 'KPqjw8PQ6v']",W,10671,180,65,18,23.6367,-2.9403,-5.6367,115,4,9.6336,-5.6336,22,33.2703,6.5247,12.9879
xW5prBAJQg,zeQZeazqKw,W,289,3,2,1,0.4508,0.252,0.5492,2,0,0.2619,-0.2619,1,0.7127,0.9493,0.2766
xW5prbxKQg,Pk5LeeNqOW,FB,3505,12,7,2,1.1368,0.938,0.8632,12,1,1.3338,-0.3338,3,2.4706,1.8344,0.6456
xW5prJ0JQg,7VqG1lYMvW,FB,429,7,0,0,1.1416,-1.1416,-1.1416,2,0,0.313,-0.313,0,1.4546,0.0,1.002
xW5prm0dQg,XVqKeVKM01,FB,5910,66,24,2,4.9999,-1.7262,-2.9999,43,4,4.0118,-0.0118,6,9.0117,0.5259,3.1362
xW5prReRQg,"['aDQ0lzvQEv', 'Pk5LeeNqOW']",CB,413,2,0,0,0.283,-0.283,-0.283,4,0,0.2798,-0.2798,0,0.5628,0.0,0.2042
xW5prreYQg,"['eV5D2w9QKn', 'aDQ0lzvQEv']",ST,1337,25,9,2,2.7446,-0.3048,-0.7446,12,4,2.0479,1.9521,6,4.7925,1.6065,1.6157
xW5prWVJQg,XVqKeVKM01,GK,5790,0,0,0,0.0,0.0,0.0,1,0,0.0219,-0.0219,0,0.0219,0.0,0.0
xW5prYLGQg,7vQ7BBzqD1,CB,17609,23,5,1,0.8485,-0.4629,0.1515,107,5,7.1226,-2.1226,6,7.9712,0.217,0.4751
xW5pxw695g,7vQ7BBzqD1,W,1402,66,24,8,8.8016,-0.2517,-0.8016,19,3,1.7014,1.2986,11,10.503,0.8795,2.1215
xW5pyJ9Rqg,"['XVqKeVKM01', '7vQ7BBzqD1', 'zeQZeazqKw']",ST,2411,69,21,5,6.0555,-1.3473,-1.0555,32,2,3.2505,-1.2505,7,9.306,0.9639,3.328
zeQZ71BxMK,"['zeQZeazqKw', '7vQ7BBzqD1']",CB,1890,7,3,1,0.455,0.3707,0.545,5,0,0.4632,-0.4632,1,0.9183,0.1124,0.4356
zeQZ7kAYMK,"['raMyrr25d2', 'zeQZeazqKw']",ST,1204,36,14,1,4.324,-0.3639,-3.324,13,1,1.2547,-0.2547,2,5.5787,0.0,2.6882
zeQZ7KmKMK,"['7vQ7BBzqD1', '4wM4rZdqjB']",W,160,2,0,0,0.1137,-0.1137,-0.1137,0,0,0.0,0.0,0,0.1137,0.0,0.0788
zeQZ7x0xMK,7vQ7BBzqD1,W,206,1,0,0,0.1031,-0.1031,-0.1031,4,1,0.7619,0.2381,1,0.865,0.0,0.0746
zeQZ7Y8jMK,"['7vQ7BBzqD1', 'XVqKeVKM01', 'kRQa8JOqKZ', 'zeQZeazqKw']",DM,13308,89,23,4,7.326,-0.9748,-3.326,61,3,4.3776,-1.3776,7,11.7036,1.3118,6.1716
zeQZ7ZYDMK,xW5pwDBMg1,ST,46,1,0,0,0.0551,-0.0551,-0.0551,0,0,0.0,0.0,0,0.0551,0.0,0.0351
zeQZeGBNqK,7VqG1lYMvW,DM,187,3,0,0,0.1279,-0.1279,-0.1279,1,0,0.0686,-0.0686,0,0.1965,0.0,0.1642
zeQZeYOxqK,XVqKeVKM01,W,43,1,0,0,0.0195,-0.0195,-0.0195,0,0,0.0,0.0,0,0.0195,0.0,0.0177
zeQZJeeNQK,XVqKeVKM01,CB,999,8,4,0,0.4145,0.2849,-0.4145,3,0,0.1471,-0.1471,0,0.5615,0.0,0.3839
zeQZJPmZQK,"['kRQa8JOqKZ', 'XVqKeVKM01', 'kRQaWa15KZ']",ST,10511,279,122,33,34.8178,3.1806,-1.8178,90,8,5.8945,2.1055,41,40.7123,18.9966,23.1398
zeQZJXGZQK,"['Pk5LeeNqOW', 'kRQaWa15KZ', 'eV5D2w9QKn']",CB,13906,42,13,4,2.4549,0.2224,1.5451,33,3,2.2515,0.7485,7,4.7064,1.062,1.4749
zeQZJXnKQK,"['4wM4rZdqjB', 'kRQa8JOqKZ']",GK,1243,0,0,0,0.0,0.0,0.0,1,0,0.0944,-0.0944,0,0.0944,0.0,0.0
zeQZJXvKQK,7vQ7BBzqD1,DM,2490,38,20,6,5.8703,-0.1738,0.1297,44,3,2.9597,0.0403,9,8.83,4.2047,4.0131
zeQZXA7r5K,eV5DR6YQKn,CM,2938,55,19,3,4.0732,1.3351,-1.0732,31,3,1.5684,1.4316,6,5.6416,1.7879,2.4748
zeQZXkwD5K,KPqjw8PQ6v,DM,1061,7,0,0,0.1908,-0.1908,-0.1908,4,0,0.5757,-0.5757,0,0.7664,0.0,0.0801
